Date,close,return,rv_m,rv_l,atm_iv,garch,regime,month,vrp,vrp_z,rvr,rvr_z,garch_z,regime_vol,rho_sv,vol_of_vol,tradeable,garch_median,garch_high,is_jump,jump_count_30d,no_jump_cluster,signal,dow
2019-06-24,270.6608303,0.000501138458121959,0.14807606896588518,0.1685223993091269,0.1362265879998449,0.17037557892121724,0.019452303846398955,6,-0.011849480966040271,0.684403144846842,1.0700747359245752,0.3297368243634025,-0.34295850509784115,0.17609481427150178,-0.06633281998872455,0.16703083031598548,False,,False,False,0.0,True,0,0
2019-06-25,273.71115885,0.011206897254511367,0.15324803570301557,0.1643123793188178,0.13745688246067148,0.1647361205247107,0.020170922339591106,6,-0.01579115324234409,0.17729136324642353,0.7918589104844529,-0.6277900033651443,-0.812418126624905,0.17620290807134278,-0.059054614413301926,0.16646207038063132,False,,False,False,0.0,True,0,1
2019-06-26,271.80586901,-0.006985290980705373,0.14963044001665163,0.1647666186638112,0.13929537700209765,0.16757633196793922,0.019821782780943174,6,-0.010335063014553975,0.9164426010799175,0.7705289057608266,-0.6911016729474854,-0.554984102995627,0.1761503908846483,-0.05706477123880354,0.1656868559202916,False,,False,False,0.0,True,0,2
2019-06-27,271.89986624,0.0003457650888793755,0.14895983828685516,0.16429133555985118,0.1388953773321506,0.16530133937696817,0.018383865415157744,6,-0.010064460954704563,0.9615049988302202,0.582430735608129,-1.2961767880248307,-0.7245219345612304,0.17593410094304848,-0.05705354938910499,0.16486480341291557,False,,False,False,0.0,True,0,3
2019-06-28,271.66029523,-0.0008814885361163988,0.14744032806858107,0.16173399469023791,0.1364512069818641,0.16077851389419784,0.020373839334573058,6,-0.010989121086716958,0.8396001726019593,0.5815642958101126,-1.2539516247860483,-1.0718481770813637,0.17623343062155222,-0.05701055030004139,0.1640580928527904,False,,False,False,0.0,True,0,4
2019-07-01,269.14582546,-0.009299036357247584,0.15044534221490924,0.16066846432540793,0.13819224421898832,0.15736803226692647,0.026398915133753396,7,-0.01225309799592092,0.6751894470098992,0.7148817057528133,-0.7782352358997711,-1.3050755130254088,0.17713971586696853,-0.06006845655186789,0.16336981565399086,False,,False,False,0.0,True,0,0
2019-07-02,266.78561023,-0.00880795688259484,0.15155728586180134,0.16137373316403805,0.1430634282286822,0.15982320480628012,0.02958198163376418,7,-0.008493857633119134,1.169869211181292,0.6431739121183051,-0.9977988248554035,-1.0707677356239127,0.1776185092133578,-0.061392838034122287,0.1626097418569582,False,,False,False,0.0,True,0,1
2019-07-03,268.59086324,0.006743889361479244,0.1405651415578,0.1597492553455921,0.12846701756552792,0.16099740047199204,0.031134601189647643,7,-0.012098123992272086,0.6852522061929367,0.644657464885349,-0.9642289457002688,-0.9510656405719231,0.17785205253167316,-0.06788063651344284,0.1625960434390791,False,,False,False,0.0,True,0,2
2019-07-05,266.45826389,-0.007971644229399001,0.13879876977284283,0.16057467929915917,0.1317117505931761,0.15991990327594638,0.039181141051764116,7,-0.007087019179666726,1.3413908928383007,0.7316436705770637,-0.6578740702558409,-1.0057388191094392,0.17906240416819236,-0.06705198686374791,0.16183288146729877,False,,False,False,0.0,True,0,4
2019-07-08,266.30284129,-0.000583460777815793,0.13541889893069514,0.16050876016743948,0.12712206414339597,0.16011518292704965,0.04903969214998195,7,-0.008296834787299173,1.1703847797777855,0.7313604645682171,-0.6523032677467258,-0.9680284384395248,0.1805453165329983,-0.06699868946166725,0.16111956129782865,False,,False,False,0.0,True,0,0
2019-07-09,262.88367819,-0.01292251618252537,0.1356300894144494,0.1605063803795346,0.13070210632043502,0.15646743047923792,0.0736555129287546,7,-0.0049279830940143765,1.56667933778147,0.8321224613781358,-0.3208912031827213,-1.2276758588089873,0.18424800109982958,-0.06780491562876899,0.16038110804416508,False,,False,False,0.0,True,0,1
2019-07-10,269.74706853,0.025773090632012344,0.16296157455226945,0.16415101923709396,0.14913915220601484,0.16346673771421988,0.08988651133547548,7,-0.01382242234625461,0.4056143682243779,1.326406859082094,1.2874418521300304,-0.6709975009842802,0.18668944994872005,0.0017395675887617635,0.16526680191700158,False,,False,False,0.0,True,0,2
2019-07-11,269.14234423,-0.0022443363685254536,0.16142526137064123,0.1640836592275804,0.14725931428128386,0.19393007535401086,0.05293100512865358,7,-0.014165947089357367,0.3651290991866893,1.2981108237054377,1.1647281858611656,1.6533505533106454,0.18113064353226144,0.0018888934329338183,0.16451927201579825,False,,False,False,0.0,True,0,3
2019-07-12,269.82038567,0.0025160990179609417,0.16164546132035104,0.1641447269486244,0.14685743643180466,0.18245136622431532,0.03382678425673572,7,-0.014788024888546386,0.28740492165960224,1.2557110526420252,1.0058363178392238,0.7695294036861395,0.17825700773439335,0.0021074309730470795,0.16378183676005859,False,,False,False,0.0,True,0,4
2019-07-15,271.44189349,0.005991596803755497,0.1589811492668917,0.16284383378247916,0.14772943171616254,0.17375486146269456,0.025585818851771133,7,-0.011251717550729151,0.7342328774263529,1.2921634936575652,1.10706161052241,0.10519413398460672,0.17701741082251354,0.0009959076584949269,0.16307672066946277,False,,False,False,0.0,True,0,0
2019-07-16,270.37088327,-0.003953438017337897,0.15827103784033963,0.15988474920810228,0.14554033224917945,0.16879487676611477,0.022829601293901648,7,-0.012730705591160185,0.5309371269787757,1.1973466555451415,0.804133645961483,-0.265572405485692,0.17660282362243312,0.001008350918293925,0.16235354984022243,False,,False,False,0.0,True,0,1
2019-07-17,271.9589546,0.0058564945468501835,0.14142779463415536,0.15983961992433615,0.13488535307056734,0.16392527679286406,0.022846390906431834,7,-0.0065424415635880195,1.2937032468099132,0.4378781879322217,-1.5552202418482255,-0.6144801853524064,0.17660534909740133,-0.007567756505646958,0.16340330445136172,False,,False,False,0.0,True,0,2
2019-07-18,271.3631165,-0.0021933154221284493,0.13872590780927266,0.1598214156390975,0.1306888480063062,0.16132467218924576,0.02722101379341832,7,-0.008037059802966456,1.080924826018041,0.43741769685139326,-1.5002893983457222,-0.7905636331757883,0.177263375039129,-0.007244732194242416,0.16271518066217971,False,,False,False,0.0,True,0,3
2019-07-19,275.67287518,0.015757090634650993,0.14363596101093115,0.16267669041901134,0.13508137716688215,0.15761033298300944,0.03762781113597083,7,-0.008554583844049002,0.9926871362609982,0.8034171216325462,-0.3722435708034792,-1.0468564536132072,0.17882875399832418,0.0006651366446525731,0.1622309423831826,False,,False,False,0.0,True,0,4
2019-07-22,272.74316821,-0.010684351325624727,0.14826514470063357,0.16064968591309395,0.13927632469227924,0.16879977829727205,0.0419376809992418,7,-0.008988820008354326,0.920260913473923,0.9026038469794356,-0.05778655860048549,-0.21091727958885942,0.1794770398617615,-0.004179399276386874,0.16172931279416985,False,,False,False,0.0,True,0,0
2019-07-23,270.49888091,-0.008262615428602052,0.15112776391213173,0.16039217445975584,0.13943023987545164,0.16925242368389343,0.042451649571764484,7,-0.01169752403668009,0.5652253708551522,0.9593971363807777,0.11769347571415656,-0.1672454219865379,0.17955435044662554,-0.006611148375644109,0.16112750177580037,False,,False,False,0.0,True,0,1
2019-07-24,271.72369243,0.0045177521683154535,0.14667745842904237,0.1606397356191575,0.13850616759217033,0.16703063017262346,0.0442382565783955,7,-0.008171290836872042,0.9841410690638106,0.9436538271011482,0.06979696577107575,-0.32395123199675446,0.17982308989878104,-0.008111025356648191,0.1605409862670712,False,,False,False,0.0,True,0,2
2019-07-25,270.97265302,-0.00276780890735008,0.1448999462028566,0.1606579942906458,0.13473900986847,0.16265293354911842,0.05763292179045187,7,-0.010160936334386583,0.7274166044093623,0.946491142797058,0.07873082894696082,-0.6428221897104195,0.1818379006420134,-0.007884801165355136,0.15987776946879304,False,,False,False,0.0,True,0,3
2019-07-26,269.11723944,-0.006870785419414696,0.14693299479101332,0.14354773528330259,0.13546740079119335,0.15859642803962629,0.08671831153878573,7,-0.011465593999819973,0.5426622901700076,0.7939261551722498,-0.36007457169213203,-0.9340850201690143,0.18621289283542006,-0.009411969370621649,0.15926568649491604,False,,False,False,0.0,True,0,4
2019-07-29,272.26114441,0.011614576444191681,0.15257533923895814,0.14447560675763343,0.14516743974189739,0.15786000659889685,0.1320681579337721,7,-0.007407899497060749,1.013295701638785,0.8199598588182895,-0.24331548676122192,-1.0452731302130667,0.19303436662920423,-0.0030183875196967062,0.15887276085687665,False,,False,False,0.0,True,0,0
2019-07-30,268.44112141,-0.014130092658879122,0.15717950217890814,0.14459625847414306,0.14400737856510093,0.16236532446020802,0.2013381162640026,7,-0.013172123613807207,0.2758026923604774,0.9939476289116557,0.4165130856970298,-0.6576560473439534,0.20345387723417127,-0.009055316585562093,0.15840398002468897,False,,False,False,0.0,True,0,1
2019-07-31,267.23701895,-0.004495626747679225,0.15486297460452014,0.14463560358121025,0.1464176333034217,0.16913322171758327,0.2560694121555217,7,-0.008445341301098447,0.8410658410277342,0.9934354570040432,0.49413145681121323,0.04911790079976131,0.2116864982969213,-0.008463960720193777,0.15778224484276554,False,,False,False,0.0,True,0,2
2019-08-01,267.17994714,-0.00021358532321485654,0.15300348737197966,0.1408885270210004,0.14155593037582,0.1639877257232624,0.36319446273348355,8,-0.011447556996159652,0.43810657333840475,1.0103328692403382,0.6923440150353629,-0.47358349408341593,0.22780013005678887,-0.008477164947219009,0.15715933651493627,False,,False,False,0.0,True,0,3
2019-08-02,257.83499599,-0.03560256082184887,0.19641895781069507,0.1584376630046881,0.176655540549856,0.15892793096695382,0.5855466573144795,8,-0.019763417260839078,-0.6578965403676494,1.8048037707143376,3.6720515119600683,-1.0554808004912124,0.2612461015186094,-0.12092825167788067,0.16839135819337797,False,,False,False,0.0,True,0,4
2019-08-05,255.04950329,-0.010862173029098638,0.20015681684748696,0.1599707002947897,0.1757644259526627,0.21836554991216428,0.3901562925132184,8,-0.024392390894824256,-1.2704132100999244,1.7781669325126879,3.190161879859258,4.9053214110157235,0.23185569870575484,-0.12338504271368131,0.16782280431731994,False,,False,False,0.0,True,0,0
2019-08-06,256.34994459,0.00508582521334202,0.19566442234101397,0.1602953222834746,0.17346489649331195,0.2065846899253107,0.22902459147164464,8,-0.022199525847702017,-0.9872367073257987,1.675764574509476,2.6086046907231837,3.355907704871534,0.2076184462478397,-0.12492687243345586,0.16727012180204978,False,,False,False,0.0,True,0,1
2019-08-07,257.71451299,0.005308951377219569,0.17398309974373846,0.155281203025914,0.1571320020435766,0.19337350398650346,0.14996743259054013,8,-0.016851097700161854,-0.315993914824516,1.734686995113596,2.6086681461704795,2.0767461709885593,0.19572675574857257,-0.13192041861350762,0.16925837602701221,False,,False,False,0.0,True,0,2
2019-08-08,261.3227557,0.013903821768271726,0.18067218129308754,0.15781051214017786,0.16263763777625279,0.18340126027988984,0.11436483227836242,8,-0.018034543516834756,-0.5146828783833755,1.8178523219238854,2.645967088491666,1.2484870259271812,0.19037145194214247,-0.12331916732267074,0.16889798336256012,False,,False,False,0.0,True,0,3
2019-08-09,259.51877091,-0.00692722032218797,0.18211891168948943,0.15798445454485585,0.16050452344247604,0.1843987054190041,0.08604790615505407,8,-0.021614388247013394,-1.0683194567477425,0.9135969580288376,-0.03799824521142749,1.318022456124259,0.18611205119823995,-0.12395919694971085,0.16827170185504423,False,,False,False,0.0,True,0,4
2019-08-12,259.14030656,-0.0014593957133397911,0.18094696350088266,0.15794575243164888,0.1584869419414317,0.17771773296751533,0.06996973970275197,8,-0.022460021559450954,-1.248598648471991,0.7752440416970435,-0.4402423681929096,0.7425393495205441,0.18369359116308967,-0.12390345918555991,0.16763648197655906,False,,False,False,0.0,True,0,0
2019-08-13,263.65141627,0.017258198552966137,0.19051961051007793,0.16170734749656093,0.16831451374406461,0.17022651829368127,0.07019788452350186,8,-0.022205096766013316,-1.2613082403442029,1.0476548236471723,0.3614069011560482,0.10442291676004281,0.18372790845498033,-0.10971145112523598,0.1675645380654916,False,,False,False,0.0,True,0,1
2019-08-14,259.84571103,-0.014539801985488746,0.1962887519389509,0.16415366567175502,0.1696634107612539,0.1805220319675935,0.06130038316528825,8,-0.026625341177696993,-1.9102492732498788,1.1865087598370165,0.7458327764636467,0.9533527366514101,0.18238955613033114,-0.11472909868728147,0.16714593595574223,False,,False,False,0.0,True,0,2
2019-08-15,260.17634587,0.0012716186945007683,0.1961862241479968,0.1640019078471007,0.1709286266746465,0.1833552980261178,0.03770337691959898,8,-0.025257597473350296,-1.6986433850169411,1.0252783697664458,0.23495823663067816,1.1540005873394656,0.17884012052001502,-0.11469312354130858,0.16652590997343977,False,,False,False,0.0,True,0,3
2019-08-16,260.14136413,-0.0001344629997417572,0.1880448349485361,0.16170685795192577,0.164680174195976,0.17457915579746985,0.026985842033538165,8,-0.023364660752560107,-1.4728167191330195,0.994379963505444,0.1240933913385176,0.40312077370360055,0.1772280007628175,-0.114664104170322,0.1662545327655037,False,,False,False,0.0,True,0,4
2019-08-19,260.76473642,0.0023934163447927956,0.1843764647143284,0.16177950680197198,0.1622088438022416,0.16782068748506662,0.023246415537718865,8,-0.022167620912086794,-1.3214386418462936,0.9974133596395428,0.11706021227273326,-0.16101871881746196,0.17666552036050606,-0.1152529520903208,0.1657076941392941,False,,False,False,0.0,True,0,0
2019-08-20,258.41650525,-0.009045963121844112,0.18483917209988782,0.16220526375351543,0.16189501594812608,0.16301759384427075,0.02493956264293373,8,-0.022944156151761735,-1.480003882557732,0.7588290794862629,-0.6295059335517466,-0.5600062941119149,0.17692020167754186,-0.11543699104053948,0.16510996806276887,False,,False,False,0.0,True,0,1
2019-08-21,259.23901945,0.0031778464749152523,0.18448738764337247,0.1623112580378742,0.16028303160415963,0.1637594027540727,0.023826251429305036,8,-0.024204356039212838,-1.7499538593411297,0.43583598260995554,-1.5979581711408117,-0.4968620690420777,0.1767527386347357,-0.11537843433808669,0.16451497549369798,False,,False,False,0.0,True,0,2
2019-08-22,256.61844637,-0.010160153906069991,0.1877225412975051,0.16188989622617073,0.16525217111487872,0.16011818167109007,0.028293731488432113,8,-0.022470370182626376,-1.5419310898287781,0.6215687530761265,-1.008744018564964,-0.7992018909248396,0.17742473204971138,-0.1173164405593775,0.1639967499129105,False,,False,False,0.0,True,0,3
2019-08-23,253.85555173,-0.010824925969479534,0.1900562844758189,0.16319694610036403,0.16373439995751252,0.16276276532017028,0.028599551557052256,8,-0.026321884518306388,-2.0985186896248558,0.7758195812510751,-0.5495091933959372,-0.5720440656251062,0.17747073316657375,-0.11871591874807194,0.16345277384677948,False,,False,False,0.0,True,0,4
2019-08-26,255.15289793,0.005097553921419265,0.1864110600549263,0.1630613052358481,0.15949309373525902,0.1653916565754171,0.02353826693091426,8,-0.02691796631966728,-2.0898131436170524,0.8008087463377948,-0.48093850364737195,-0.3563539702108652,0.17670942032464318,-0.11983991399762313,0.1629362358440269,False,,False,False,0.0,True,0,0
2019-08-27,255.50069712,0.0013621728982241412,0.17960165051064755,0.16288641212566843,0.1565363420800306,0.1620752759958619,0.023451450808300092,8,-0.023065308430616965,-1.421320175716581,0.7005387233518443,-0.795475975472157,-0.6333981318820795,0.176696361539391,-0.1205313864907859,0.16259110306712898,False,,False,False,0.0,True,0,1
2019-08-28,256.6656787,0.004549238857383714,0.17961865934994062,0.1624961687628624,0.15967118891831486,0.15814219465553173,0.028925736835799624,8,-0.019947470431625758,-0.9035411444157431,0.7164782106955574,-0.7473902011193414,-0.9574536295771495,0.17751979759584469,-0.1202793931884747,0.16202642248032795,False,,False,False,0.0,True,0,2
2019-08-29,257.97874617,0.005102825390787033,0.18052805103634165,0.15891192883704675,0.15898591659027153,0.1562622796278436,0.04230799601896897,8,-0.021542134446070116,-1.1169339830437783,0.6186300027101743,-1.027097725583512,-1.1028360157671095,0.17953274223791757,-0.1196424253539836,0.16147562434181198,False,,False,False,0.0,True,0,3
2019-08-30,255.4252003,-0.00994759368181556,0.13366440055823234,0.15886228570104965,0.12595831741269212,0.1551095513612025,0.06986198184686776,8,-0.007706083145540221,1.0141740816699787,0.588682647594064,-1.0882277740132407,-1.1597708014639663,0.18367738234545475,-0.0839552735897653,0.1720504684114907,False,,False,False,0.0,True,0,4
2019-09-03,253.06430755,-0.009285972191631305,0.13215909799225115,0.1590252146676177,0.12394913767096585,0.15851724194725275,0.10046624547076005,9,-0.008209960321285292,0.9276900562299626,0.682570022143733,-0.7838483425965586,-0.8551717445278103,0.18828084186922336,-0.08328957404695328,0.17146758838287857,False,,False,False,0.0,True,0,1
2019-09-04,259.77140964,0.026158414136990087,0.1605049205915564,0.1657728534860438,0.14771920960475687,0.16014207205242795,0.13970038455267214,9,-0.012785710986799537,0.22944383967766935,1.2962610728278752,1.050426853414852,-0.7044635541437073,0.19418239772539786,-0.03264633867139891,0.1750103139542412,False,,False,False,0.0,True,0,2
2019-09-05,264.50889206,0.0180728185017975,0.17182024404273366,0.16965532709968079,0.15408202866793144,0.1927542159658613,0.11503611861108501,9,-0.01773821537480222,-0.5082133523704033,1.4628617819844536,1.5037670524930309,1.866702452090425,0.19047242609069653,-0.019199308886619543,0.17509279977092004,False,,False,False,0.0,True,0,3
2019-09-06,263.74088922,-0.002907728155621801,0.1649028287083638,0.16920746143694143,0.14823961307546124,0.1972508224546134,0.0779998143125467,9,-0.016663215632902573,-0.31939104439195765,1.4561437179398025,1.4297361987838628,2.099957267828787,0.18490146611454492,-0.01819533372956349,0.1747099942133209,False,,False,False,0.0,True,0,4
2019-09-09,263.06366633,-0.0025710607697756846,0.16331443587249345,0.16928098743881811,0.1526778922995242,0.18522139240763824,0.06144353230690773,9,-0.010636543572969254,0.6460878975831913,1.3986060077083937,1.2201401481285132,1.1504444280490123,0.18241108846606732,-0.018045956482850244,0.1741365633670546,False,,False,False,0.0,True,0,0
2019-09-10,263.12302386,0.00022561395549680033,0.16323421943189995,0.1679902971562674,0.1520214765064884,0.17593196452945592,0.05877217247469487,9,-0.01121274292541155,0.5642444194743353,1.353648549252368,1.0563823332814757,0.436290268403607,0.18200926547133225,-0.01803148950545156,0.17356351911092918,False,,False,False,0.0,True,0,1
2019-09-11,261.82385275,-0.0049497342315811595,0.15231958667413614,0.16787763390095542,0.14257692087427712,0.168511499694535,0.07091166175825649,9,-0.009742665799859024,0.7917654106431828,0.8092951953815077,-0.5053580327647725,-0.1267688381635942,0.1838352740380756,-0.0151612424072411,0.17351087478526264,False,,False,False,0.0,True,0,2
2019-09-12,264.4197834,0.009865969024186237,0.14752624655461422,0.16360021256641102,0.13538485322946214,0.16427131384370344,0.09701250012171954,9,-0.012141393325152072,0.41917569566390106,0.5078292801936467,-1.3231908678234992,-0.44915257760418836,0.18776133330939965,-0.01766974537086613,0.1730318346939478,False,,False,False,0.0,True,0,3
2019-09-13,270.3359446,0.022127495903185246,0.1670715642743938,0.16896431539632634,0.1499766547290841,0.1652319618622968,0.1433953745300204,9,-0.017094909545309678,-0.3558578147055412,1.0446198388018595,0.1940633616003796,-0.35743503971880314,0.19473819403569279,0.008591883555369434,0.17435587713424797,False,,False,False,0.0,True,0,4
2019-09-16,264.49353425,-0.021848619013468594,0.18419403601246204,0.17312769097683947,0.16359856625816319,0.18663907094985469,0.15212221217438918,9,-0.02059546975429885,-0.891386209643356,1.3531252946958618,1.0496813465690098,1.24076208937028,0.1960508753130488,-0.01280720900766906,0.17521357605300547,False,,False,False,0.0,True,0,0
2019-09-17,263.11505724,-0.005225389308691793,0.1849305374270872,0.17337487086919012,0.16880744011940743,0.20029456152778638,0.09184108997856592,9,-0.016123097307679773,-0.16435147121269605,1.3680013772432567,1.069038770111605,2.1509947850641753,0.1869834555088625,-0.013085824822662242,0.17465979008672328,False,0.16526665061963247,True,False,0.0,True,0,1
2019-09-18,261.6964083,-0.005406331563066471,0.18312981931512048,0.17372550310767235,0.1652743050397141,0.18876219170808767,0.05661571571793572,9,-0.01785551427540638,-0.4270554661626558,1.3681292284600222,1.0461039124580438,1.2783508767355092,0.1816848936283598,-0.012658485361036973,0.17411624183461796,False,0.16530133937696817,True,False,0.0,True,0,2
2019-09-19,261.26422405,-0.0016528370269370662,0.1828762110385989,0.1722339315916133,0.16634437131017912,0.18009580886605525,0.03506407855940823,9,-0.01653183972841979,-0.21207718701152403,1.320455645302913,0.8866753095968166,0.642406598091881,0.17844312017648117,-0.01266279597851904,0.17356786540538952,False,0.16534649797619264,True,False,0.0,True,0,3
2019-09-20,261.05348728,-0.0008069294870289968,0.1793076431782523,0.17164593190919078,0.16272411298733203,0.17212678015533306,0.024159491291086327,9,-0.016583530190920265,-0.20465724844300043,0.9586970531124659,-0.11472113096016918,0.0713072615446434,0.17680286420659294,-0.012588287900371956,0.17307223486341503,False,0.1653916565754171,True,False,0.0,True,0,4
2019-09-23,261.53856626,0.001856435114260863,0.17526608128402277,0.17168662875101545,0.15940901631657034,0.1659618323685809,0.019221953697803076,9,-0.015857064967452428,-0.07209533625809411,0.3291507497212575,-1.8041959500389757,-0.3674699953608131,0.1760601652566329,-0.013050100194537787,0.1725955342540054,False,0.16567674447199898,True,False,0.0,True,0,0
2019-09-24,261.02546979,-0.001963765584671573,0.17446884498875065,0.17172428999842856,0.15697153656864538,0.16144354540815814,0.01835567901146022,9,-0.017497308420105273,-0.32234237053587483,0.2611842579666233,-1.9302094637124918,-0.6896737783150486,0.17592986117534368,-0.013011656828460337,0.17206284035795053,False,0.1653916565754171,False,False,0.0,True,0,1
2019-09-25,261.57194937,0.0020913986910532133,0.17455976092318717,0.17071736770162785,0.1604618436457822,0.15802692511419386,0.020071717764078272,9,-0.014097917277404975,0.23793053672748682,0.1613784136086459,-2.095733575008646,-0.9340521833020193,0.1761879858286919,-0.012944992158634571,0.17153517678584274,False,0.16534649797619264,False,False,0.0,True,0,2
2019-09-26,258.1715548,-0.013085081623382696,0.17991028277620597,0.17186536740391167,0.16050612685920204,0.15543379093327112,0.026294742574728656,9,-0.019404155917003924,-0.605123133127553,0.5596296879413475,-1.070853796271453,-1.107720949427408,0.1771240463457263,-0.01688969820333099,0.17115728955678577,False,0.16530133937696817,False,False,0.0,True,0,3
2019-09-27,260.18581546,0.0077717455717072675,0.18110952762657678,0.17204757612948157,0.16270706132086926,0.16323961662395076,0.02240025903287658,9,-0.01840246630570752,-0.42326628065374616,0.6436269972595798,-0.8569049414652825,-0.5587831351596727,0.1765382424338523,-0.016157219843301592,0.1706482699929512,False,0.16526665061963247,False,False,0.0,True,0,4
2019-09-30,258.31834812,-0.00720331887789363,0.17946481298677494,0.17190520455996408,0.15967707137195392,0.16240125153780122,0.02148191985465013,9,-0.019787741614821025,-0.6264049612051408,0.705378769059252,-0.6980385880496526,-0.6224764919756363,0.176400106869213,-0.015640098486646166,0.17014124432807307,False,0.1652319618622968,False,False,0.0,True,0,0
2019-10-01,256.50596377,-0.007040816819494666,0.1781733741523868,0.17250558422796086,0.16298774595998694,0.16124140749192528,0.019629896417170153,10,-0.015185628192399853,0.16683307253127433,0.7559961025967036,-0.5706687839118995,-0.7069406496493175,0.176121527549799,-0.015271671155812648,0.16963515701170404,False,0.16498404119350374,False,False,0.0,True,0,1
2019-10-02,257.45856807,0.0037068915530193763,0.15263413538138618,0.1706297892981252,0.14444492006038004,0.16019631373059856,0.01663049923215991,10,-0.008189215321006138,1.3878236526751406,0.7748422961777841,-0.5196840415759914,-0.7889535554821296,0.17567036153886056,-0.020770391003512127,0.1719068038853406,False,0.1647361205247107,False,False,0.0,True,0,2
2019-10-03,255.73563469,-0.006714572549739931,0.1405338361545044,0.1628312770565955,0.13104169407996813,0.1572555607181014,0.016423537633342797,10,-0.009492142074536275,1.1389645792012308,0.6476886257833319,-0.8150857086628344,-0.9858823034731939,0.17563923060381054,-0.01676829280828904,0.1719798383268075,False,0.1645037171842071,False,False,0.0,True,0,3
2019-10-04,256.60162861,0.0033805651345859417,0.14066706493734982,0.162913681814748,0.1337112632777309,0.1568716990266913,0.014522557936623031,10,-0.0069558016596189265,1.522571873768138,0.5710349030685192,-0.9772388941379959,-0.9836262718489569,0.17535328733796693,-0.01661631926987827,0.1714752968552184,False,0.16427131384370344,False,False,0.0,True,0,4
2019-10-07,258.07465729,0.00572411335976826,0.14183362673758265,0.1632540766544088,0.13268245367850176,0.1544920515435086,0.014545824088757809,10,-0.009151173059080892,1.1262811763961496,0.5371789698221303,-1.028513812338243,-1.1165498587621714,0.1753567870068674,-0.016021558552866282,0.1709857917348722,False,0.16412951978348292,False,False,0.0,True,0,0
2019-10-08,257.28278787,-0.003073090534076734,0.14225023468903228,0.16291341592270842,0.13468154032939733,0.15393946186771765,0.015849961578411627,10,-0.007568694359634948,1.363687056248456,0.46213130875008657,-1.177038443107144,-1.1208525333858272,0.1755529539272949,-0.016152789652807545,0.17049192222895265,False,0.1639877257232624,False,False,0.0,True,0,1
2019-10-09,257.20831447,-0.0002895031621788048,0.14116475109731477,0.1627129019939295,0.13527642430722092,0.1520172561270087,0.018240133605226194,10,-0.005888326790093851,1.5888916292796629,0.4336974438595037,-1.2059234033563495,-1.221513113595042,0.17591248096298853,-0.01615807430013682,0.16999975158394895,False,0.16395650125806321,False,False,0.0,True,0,2
2019-10-10,261.70009559,0.017312856094390344,0.14992563901310726,0.1661033461370083,0.1439664298671996,0.1499166326785225,0.02410133178371773,10,-0.005959209145907668,1.5720947005965875,0.8035349999276651,-0.3022752958806689,-1.3332220343108514,0.17679411591774719,-0.007168575353525831,0.16987737391473154,False,0.16392527679286406,False,False,0.0,True,0,3
2019-10-11,263.19643001,0.005701460765775028,0.12929807632156706,0.16645313121616617,0.121150821768702,0.16603116553888178,0.019678426978816797,10,-0.008147254552865066,1.2214821433751237,0.8254093693858907,-0.2667138513650849,-0.22567460241836562,0.176128827463267,-0.013532653396427638,0.17109758798867744,False,0.16395650125806321,True,False,0.0,True,0,4
2019-10-14,263.81482344,0.0023467951007340956,0.10379124842931985,0.16336148679528592,0.10355337941828184,0.1621242380029356,0.01863691482422816,10,-0.0002378690110380055,2.3742356963693605,0.8098479131951201,-0.3067746675255415,-0.5031602428227139,0.1759721643556006,-0.016795688586126598,0.17318013293129736,False,0.16392527679286406,False,False,0.0,True,0,0
2019-10-15,261.82627903,-0.007566203964023352,0.10559309583438314,0.16262829428025383,0.10666051238100045,0.15759497942619896,0.021318205504955477,10,0.0010674165466173086,2.437870109414474,0.8676845654785357,-0.15747283215114558,-0.8004513120860208,0.1763754811375979,-0.01772228089648432,0.1727166995384454,False,0.16384233977346838,False,False,0.0,True,0,1
2019-10-16,259.40958548,-0.009273002998691432,0.10892694776685319,0.16285692106341218,0.10514574204317759,0.15724997160329215,0.022597397988763677,10,-0.0037812057236756014,1.665730922854065,0.9560373661556076,0.06839648353303242,-0.8059193733863461,0.17656789585780447,-0.01954517906807048,0.17229817791887467,False,0.1637594027540727,False,False,0.0,True,0,2
2019-10-17,260.19843659,0.003036333861488138,0.10930151809842766,0.16271255495702747,0.10831457081749103,0.15863421870018765,0.020333020391707944,10,-0.000986947280936623,1.9985740137859567,0.6021530221175796,-0.8164608236799558,-0.6983427629805725,0.17622729068126183,-0.019346339913730345,0.1718209496440434,False,0.16361307023414629,False,False,0.0,True,0,3
2019-10-18,264.02024046,0.014581211049647685,0.12090295766702847,0.16533653416186053,0.11502859924947842,0.15503233655288137,0.022376405224555824,10,-0.005874358417550046,1.2877952066817446,0.8265787043384019,-0.2411937836870414,-0.9305676745164176,0.17653465437035754,-0.00973742950345845,0.17195635651297653,False,0.16346673771421988,False,False,0.0,True,0,4
2019-10-21,265.09034715,0.004044931906869935,0.12157407503200249,0.16494427972025186,0.11722193284544628,0.1642644749093248,0.019054302201191378,10,-0.004352142186556204,1.4590645164153053,0.8405907416253932,-0.2077033881032422,-0.30997575266693034,0.17603494730372815,-0.009442642740126328,0.17148749981796646,False,0.16361307023414629,True,False,0.0,True,0,0
2019-10-22,263.80394641,-0.00486450049613668,0.12259618179794458,0.16352195058966318,0.11689041584567166,0.15957330966523428,0.019400231763013708,10,-0.005705765952272929,1.2639914854760599,0.8097142015309289,-0.285671312225668,-0.63295849768148,0.1760869816462464,-0.00982116778243477,0.17102660544237294,False,0.16346673771421988,False,False,0.0,True,0,1
2019-10-23,267.54654145,0.014087337903829569,0.13219387642646133,0.1635064565130519,0.12736026372909934,0.1564629169701198,0.0206839971363455,10,-0.004833612697361989,1.3432935445905885,0.9315476602077253,0.026435668499655996,-0.8351587384380956,0.17628008421544317,-0.0022911031468076646,0.17097670696721082,False,0.16335317716908532,False,False,0.0,True,0,2
2019-10-24,267.21546688,-0.0012382129139405212,0.12384334851855494,0.1632663954069878,0.11954614473031445,0.164333959795116,0.01715131452768604,10,-0.004297203788240486,1.391254142361153,0.9250957473608684,0.012940774656427744,-0.2939109543222364,0.17574870200023482,-0.0018905989806678397,0.1707539104898435,False,0.16346673771421988,True,False,0.0,True,0,3
2019-10-25,267.9911075,0.0028984739730497956,0.12116925811139587,0.16337383237977843,0.11774888365931109,0.15864272166125332,0.01615171325387332,10,-0.003420374452084776,1.4646459516789325,0.6848875579112762,-0.5823087695211948,-0.6727769769036661,0.17559834308095296,-0.002219059197994176,0.17030891617803437,False,0.16335317716908532,False,False,0.0,True,0,4
2019-10-28,268.77122035,0.0029067367763936348,0.11888928333004573,0.14629701838805145,0.11095391858960502,0.1547373933725906,0.01782196557223229,10,-0.007935364740440709,0.8471401324786485,0.7525532562131609,-0.383041058599502,-0.9292361510095641,0.17584958058944325,-0.0024823873789260637,0.16986154006710436,False,0.16323961662395076,False,False,0.0,True,0,0
2019-10-29,269.61609718,0.003138549130070824,0.11676539210784964,0.1447364676841693,0.10741946284824518,0.15176668688052794,0.02303324593072135,10,-0.009345929259604466,0.6377410750998505,0.7385002158438264,-0.392787756628349,-1.162311854553865,0.17663345562372398,-0.002735755633717732,0.16941571421587256,False,0.16312860523411077,False,False,0.0,True,0,1
2019-10-30,269.05161482,-0.002095847046527889,0.11625990740703758,0.14442457649585141,0.10610911405954974,0.14957025197635587,0.03447017257603741,10,-0.010150793347487835,0.5089920974725497,0.2807756583664043,-1.634563419089146,-1.337471570905515,0.17835378549458944,-0.0027472292411974014,0.16896459810573192,False,0.16301759384427075,False,False,0.0,True,0,2
2019-10-31,264.29843611,-0.01782433335918418,0.1301975245443644,0.14857472952994175,0.12245766145382075,0.1475107493063581,0.05618770152962571,10,-0.007739863090543642,0.8054174414422038,0.8923981875687514,0.15013066620693044,-1.4720779165798148,0.18162051220700953,-0.015519825200955505,0.16934966910392787,False,0.16289017958222052,False,False,0.0,True,0,3
2019-11-01,265.76287985,0.0055255775961683285,0.1311186604395836,0.1462557909845845,0.12208334174735935,0.16469730571585103,0.05093963629165823,11,-0.009035318692224237,0.6139686690002896,0.9348647674359658,0.34840787148040386,-0.05479484409052116,0.18083110403179636,-0.015078699985554457,0.16891187463115237,False,0.16301759384427075,True,False,0.0,True,0,4
2019-11-04,267.59730414,0.0068787719009540844,0.13181600313412362,0.14624618663990524,0.12382272402548307,0.1602364886748064,0.05770938830791942,11,-0.007993279108640547,0.725267653434045,0.9826896808978985,0.49942334893373225,-0.3977391038146043,0.18184940265109328,-0.014617296384951618,0.16847510079300484,False,0.16289017958222052,False,False,0.0,True,0,0
2019-11-05,270.53421277,0.010915316041786652,0.13695868607689543,0.14791689260587743,0.12310705151301808,0.15787961259190444,0.07826101581562532,11,-0.01385163456387735,-0.07256534060744729,1.093503327148107,0.8370919999523727,-0.5725297185560743,0.18494075575607155,-0.011423335118701444,0.1681610160674022,False,0.16276276532017028,False,False,0.0,True,0,1
2019-11-06,267.04267991,-0.012990074554057228,0.14450873788419047,0.1460724920052006,0.13362489605906497,0.16033616614073676,0.11176569305658564,11,-0.010883841825125501,0.3046012387812846,1.2705677590654008,1.3791999032425781,-0.35043989735264847,0.18998049229184236,-0.016449843094929115,0.16797594012022854,False,0.16270784943464434,False,False,0.0,True,0,2
2019-11-07,273.30646509,0.02318525283154945,0.15452934820002956,0.1506884314417305,0.14079820200558363,0.16490671454528494,0.1375820471168896,11,-0.013731146194445931,-0.11531505161546335,1.4159546589430443,1.7979472356108206,0.06075354606301108,0.19386375974857373,-0.004276980723624252,0.16796592598017762,False,0.16276276532017028,True,False,0.0,True,0,3
2019-11-08,268.85216782,-0.016432081777505013,0.1639265180783165,0.1543835088978432,0.14798173941366838,0.18749535252334648,0.1223711296293592,11,-0.015944778664648135,-0.45846753844315213,1.5545129050447368,2.122865941317983,1.9825423095293764,0.1915757503445976,-0.01192909050105051,0.1679034152636453,False,0.16289017958222052,True,False,0.0,True,0,4
2019-11-11,267.12683024,-0.00643810129024419,0.16530205310767065,0.1549460496588927,0.15181740421107193,0.1897514757356808,0.08024199781181061,11,-0.013484648896598728,-0.13137685132934013,1.5448871680127834,1.9971267203140017,2.085242247741945,0.185238732879417,-0.012436942454605764,0.16748605724019183,False,0.16301759384427075,True,False,0.0,True,0,0
2019-11-12,265.39623478,-0.006499630405214479,0.1647292944474325,0.1554401771423221,0.14947295852079986,0.18003725775955898,0.05404093802615539,11,-0.015256335926632641,-0.4144691503472334,1.4869832412274238,1.7582751943029753,1.249104181084079,0.18129759841248794,-0.012358188689399256,0.16706061039966064,False,0.16312860523411077,True,False,0.0,True,0,1
2019-11-13,264.87400057,-0.0019696914668320357,0.16155855999418484,0.1543834824709626,0.14520611611802597,0.17274962866159885,0.03701312845615084,11,-0.016352443876158862,-0.6050032017663545,1.3758171378306654,1.3907559780318532,0.6390968564343621,0.17873629410870592,-0.01212357803454666,0.16666836703843182,False,0.16323961662395076,True,False,0.0,True,0,2
2019-11-14,263.22636553,-0.006239875947058692,0.16271324189106284,0.15477524512353882,0.14674897895471656,0.1651332497655007,0.029738155500302604,11,-0.015964262936346285,-0.5817023369440977,0.9133730091952681,0.07722743898827139,0.017880847836696093,0.17764200071382702,-0.012547552365439743,0.16625785334946522,False,0.16335317716908532,True,False,0.0,True,0,3
2019-11-15,264.8888629,0.006295985316094212,0.15587221786151778,0.15391004339748068,0.14236769617488607,0.1613932425884085,0.02493280353652718,11,-0.013504521686631715,-0.22712852583560708,0.5945629480296685,-0.8234988963330703,-0.2881735871067207,0.1769191849802234,-0.014563007315868017,0.16600039441413877,False,0.16323961662395076,False,False,0.0,True,0,4
2019-11-18,263.15988182,-0.0065485895993110275,0.1569405379477901,0.15289297718762448,0.14183450994852462,0.15862913274182386,0.024919716371929922,11,-0.01510602799926547,-0.5345402054597461,0.6010969305985127,-0.7931049691280582,-0.5065046291091817,0.17691721642338293,-0.014986177081886601,0.1655949761008639,False,0.16312860523411077,False,False,0.0,True,0,0
2019-11-19,266.76203338,0.01359523710488785,0.16328208106768155,0.1550593861083943,0.15012977493523308,0.15673613532378336,0.025560055807464118,11,-0.013152306132448471,-0.2623295219712836,0.8063375199097921,-0.21542183591542746,-0.6462001754528973,0.177013535573851,-0.010465384249041459,0.1653544950061484,False,0.16301759384427075,False,False,0.0,True,0,1
2019-11-20,266.04623019,-0.0026869088547826,0.15572891353729437,0.15513201432943158,0.14294185333002823,0.1635902743961598,0.022899830652119778,11,-0.012787060207266138,-0.23646244052175394,0.8102875413280138,-0.20984678898602874,-0.09361396132993302,0.17661338744490931,-0.009610818075002091,0.16514080036066353,False,0.16312860523411077,True,False,0.0,True,0,2
2019-11-21,263.61980673,-0.009162152241951962,0.15902793458638093,0.15598586346173907,0.1423177005565958,0.15825307928580423,0.023964255751281086,11,-0.016710234029785137,-0.9731681608220478,0.8617588991518866,-0.07158799228717308,-0.5258475024099754,0.17677349709238493,-0.011144923375359987,0.16478622904402376,False,0.16301759384427075,False,False,0.0,True,0,3
2019-11-22,265.97420234,0.008891381248824524,0.1618027916754466,0.15669800413784876,0.1466247372040758,0.15878025185971928,0.021881721130284786,11,-0.0151780544713708,-0.7290015369428812,0.9037706613150759,0.033907860093574896,-0.4875567342267088,0.17646024453540726,-0.009758872938654555,0.16442059112080343,False,0.16289017958222052,False,False,0.0,True,0,4
2019-11-25,266.32656598,0.0013239270444046877,0.16154185080661596,0.15538988636452175,0.1481077533494914,0.15883811091105157,0.021616651944845577,11,-0.013434097457124566,-0.38170044380224494,0.862993723110824,-0.09553215990965917,-0.48950437829889065,0.17642037312137282,-0.009751464695590871,0.16402105843761053,False,0.16276276532017028,False,False,0.0,True,0,0
2019-11-26,269.9620668,0.013558208356257071,0.1681899181111002,0.1567032828896328,0.15059934003169181,0.15423958194438706,0.02622285075021851,11,-0.017590578079408392,-1.1323953154287367,0.8545540103133321,-0.12825302468840807,-0.8545036559495157,0.1771132324569071,-0.005167301062814906,0.1638057671778387,False,0.16270784943464434,False,False,0.0,True,0,1
2019-11-27,269.93992097,-8.203648259894412e-05,0.16802555433328664,0.14724823967586678,0.15047290126492735,0.16160930449031616,0.027742010677633912,11,-0.017552653068359292,-1.099146859384952,0.900161148625334,0.021722468375891257,-0.2592729102372519,0.17734174281487328,-0.0051667196550540485,0.1634116177767312,False,0.16265293354911842,False,False,0.0,True,0,2
2019-11-29,266.53428781,-0.012696524282567309,0.16205129515189104,0.14486979989193371,0.14801891828982622,0.15613561571401077,0.03614454316006297,11,-0.014032376862064821,-0.4583000432376208,1.0112583520866576,0.3742797920222826,-0.6820234749086891,0.17860564246805152,-0.0018322953869470652,0.16313788702333049,False,0.16252709254345982,False,False,0.0,True,0,4
2019-12-02,265.45945401,-0.004040781603202723,0.1614981445826653,0.14498388068701848,0.1485891743330052,0.1615637731601195,0.03562521871262487,12,-0.01290897024966009,-0.26044985218517575,0.9330762763116638,0.17240081782225797,-0.18526006948560123,0.17852752625839968,-0.0017946586558777082,0.16274915777895305,False,0.16240125153780122,False,False,0.0,True,0,0
2019-12-03,262.69527309,-0.010467410463757876,0.1639084816549513,0.1464675467059998,0.1519129728411596,0.15700743263804037,0.04124458442757737,12,-0.011995508813791717,-0.0829079922182276,1.0518435543507412,0.5623066746567825,-0.5747814490741607,0.17937278504116097,-0.0031029930164825697,0.16239086163230376,False,0.16238328799900462,False,False,0.0,True,0,1
2019-12-04,266.27056541,0.013518252054428368,0.16633501717557894,0.1490639112369752,0.15237097770574035,0.1591234157437069,0.04352802552800341,12,-0.013964039469838596,-0.44690860519159653,1.0323349078898603,0.527453475502814,-0.3539085704492624,0.17971625772881988,-0.0013222814540359946,0.16203522948195676,False,0.16236532446020802,False,False,0.0,True,0,2
2019-12-05,266.7176608,0.0016776937008440057,0.15992702379881618,0.14875809806348428,0.14794463661910653,0.16481026528483983,0.045094977598862676,12,-0.011982387179709647,-0.06459565782304126,1.0375436475179294,0.5307388844386223,0.19238558793599891,0.17995195692820382,-0.0018565803558067875,0.16178932158168244,False,0.16238328799900462,True,False,0.0,True,0,3
2019-12-06,272.91259064,0.022960914392206707,0.1595186923718522,0.1547074980995213,0.14745169800320096,0.15858656779376998,0.05907200451213253,12,-0.012066994368651246,-0.08087302911774281,1.328910797086497,1.3974877558718832,-0.3904358418382786,0.18205436587515952,-0.0018958936968282518,0.1614108791934075,False,0.16236532446020802,False,False,0.0,True,0,4
2019-12-09,276.30124485,0.012340174237822086,0.15479913511825022,0.15005850870365722,0.14287986246461512,0.18290145767455054,0.041933705007479186,12,-0.011919272653635099,-0.06986443109916024,1.4769630166535843,1.7910992267901336,1.837871459247806,0.1794764417974731,-0.004365205134955436,0.1611042310505822,False,0.16238328799900462,True,False,0.0,True,0,0
2019-12-10,277.07417205,0.002793502129053436,0.15342372374561314,0.14333670269694618,0.1392696671646554,0.1803948805702682,0.02760617635566551,12,-0.014154056580957752,-0.5306608393525414,1.4632765320167023,1.7282623541013071,1.6469791007716597,0.1773213107662279,-0.004494405972584003,0.16073452558616957,False,0.16240125153780122,True,False,0.0,True,0,1
2019-12-11,279.43621104,0.008488801811257782,0.15464314557677356,0.14399090805894346,0.13480001919982024,0.17093004693331593,0.02144444370142129,12,-0.01984312637695332,-1.6085003731852106,1.361142884644709,1.4204366219999405,0.8988283856591927,0.1763944697476467,-0.0038691395242351186,0.16037289685951933,False,0.16252709254345982,True,False,0.0,True,0,2
2019-12-12,280.20842682,0.0027596664663380524,0.15479527451756647,0.14367535774581774,0.13757687729860188,0.16735258555526658,0.017617227613279014,12,-0.017218397218964593,-1.1066727499791564,1.368422136918379,1.4424165297043878,0.599161901862706,0.17581878413184496,-0.003803424874672256,0.16000561558011467,False,0.16265293354911842,True,False,0.0,True,0,3
2019-12-13,278.64607162,-0.0055912917391755385,0.1544826553551893,0.14409176676793004,0.13822108081215992,0.16102457162635797,0.017147636962054735,12,-0.016261574543029372,-0.9232061897863043,0.8111068413467342,-0.22135499332920971,-0.08139156627596453,0.17574814882487538,-0.0038139403103926587,0.1596398977066468,False,0.16252709254345982,False,False,0.0,True,0,4
2019-12-16,281.62750229,0.010642867881557433,0.15745680041427945,0.14572384553257572,0.13944844717906865,0.15763891290779594,0.01627106866050682,12,-0.0180083532352108,-1.2502993039268164,0.7420620055154556,-0.42174312279410836,-0.45427754708671136,0.17561629638935902,-0.002192624550481345,0.15931655975395612,False,0.16240125153780122,False,False,0.0,True,0,0
2019-12-17,281.88056352,0.0008981637082631046,0.15576414756857834,0.14568580099995396,0.13637408794482084,0.1599390906267057,0.01391805556871061,12,-0.019390059623757505,-1.4851871805427754,0.7309777481550787,-0.4874016946231738,-0.17065206761949772,0.17526235875961893,-0.0022447319643254175,0.1589621493335288,False,0.16238328799900462,False,False,0.0,True,0,1
2019-12-18,281.70306552,-0.0006298905671588543,0.14811686238960323,0.14563592358271163,0.1332948438336995,0.15493913518987534,0.013259908889404648,12,-0.014822018555903732,-0.6301695883011406,0.6036595024145444,-0.9293933752786547,-0.7469892373181574,0.17516336106321553,-0.0020199637284093064,0.158793032380218,False,0.16236532446020802,False,False,0.0,True,0,2
2019-12-19,283.08152916,0.0048813880199526346,0.1488216101368153,0.14591617127638146,0.13334327504599544,0.1511128601914178,0.013636949510879355,12,-0.015478335090819861,-0.7493797896388531,0.6335478533023948,-0.8963761416687291,-1.172223974050166,0.17522007509695628,-0.0017796605621146512,0.15844083423774014,False,0.16224478123157182,False,False,0.0,True,0,3
2019-12-20,281.04905514,-0.007205717508659861,0.1474597776198615,0.144189048320596,0.13042144786952606,0.14965284139346588,0.01521051963747945,12,-0.01703832975033545,-1.0653297617179132,0.6790724579213386,-0.7547500600723677,-1.3164428062309288,0.17545676977697333,-0.001456338594412955,0.1580901685220032,False,0.1621242380029356,False,False,0.0,True,0,4
2019-12-23,281.30321048,0.000903900892172271,0.14407833548877716,0.143318641800303,0.12829660848594113,0.15024856038003387,0.014237337222225801,12,-0.015781727002836032,-0.8391708972473731,0.43683849059146335,-1.5414793825335091,-1.2078820126736138,0.17531038475320934,-0.0015741766572266583,0.15777014319513324,False,0.16209975699939877,False,False,0.0,True,0,0
2019-12-24,283.18474709,0.006666372781924961,0.14593297201849223,0.14320947777633167,0.12983846352276546,0.14740369916566348,0.015061954605845859,12,-0.016094508495726773,-0.9264557380135754,0.5462118876677177,-1.157958044338406,-1.4756703666921807,0.17543442278904456,-0.000897804910289716,0.15743864314912898,False,0.1620752759958619,False,False,0.0,True,0,1
2019-12-26,285.35052474,0.00761883469203939,0.140398094139077,0.1433336785106738,0.12300577775256241,0.14797640875493934,0.016966539762076766,12,-0.01739231638651459,-1.1675810202582444,0.6627651505882672,-0.7642678142388075,-1.3644788070607476,0.17572090838412463,-0.0026456117966576964,0.15718453790384507,False,0.16184229024308905,False,False,0.0,True,0,3
2019-12-27,283.39744148,-0.006868036646205636,0.14249870569583561,0.14382261540324548,0.12866852993444383,0.14915624761731275,0.02017581252762677,12,-0.013830175761391783,-0.450382578022105,0.7022464979603316,-0.6286017768718749,-1.1991961806298252,0.17620364364802457,-0.0034294144506059883,0.1568616277330724,False,0.16160930449031616,False,False,0.0,True,0,4
2019-12-30,283.8504922,0.0015973643602137984,0.13530295325642663,0.14320021743209335,0.11968785805109655,0.14925282048925387,0.022593305422739927,12,-0.015615095205330082,-0.7784581914421578,0.6132729164336664,-0.918362745043649,-1.1614820682297073,0.1765672802585445,-0.0038930300774767204,0.15668020115573822,False,0.16158653882521784,False,False,0.0,True,0,0
2019-12-31,280.27301419,-0.012683484834992372,0.1418736386437029,0.14537524223094553,0.12446394559440668,0.14643345939354915,0.03057114626804188,12,-0.01740969304929621,-1.0926531435446332,0.8640763172536587,-0.11043892724039972,-1.4219761599223149,0.17776729826485083,-0.007866967593406868,0.15651021531535222,False,0.1615637731601195,False,False,0.0,True,0,1
2020-01-02,282.98755427,0.009638740036976975,0.14113183925258604,0.14624140441008784,0.1210930336258219,0.15414725716644173,0.029452511979959645,1,-0.020038805626764147,-1.5419523677811664,0.9230508832617124,0.06488301163936129,-0.605383389595662,0.17759903453106615,-0.007996632460981678,0.1561714834846307,False,0.16150365928413882,False,False,0.0,True,0,3
2020-01-03,279.21132925,-0.013433971223709637,0.141030402566773,0.14867704830588993,0.12610680176273453,0.1554626650828213,0.0313529024886325,1,-0.014923600804038456,-0.5394632924968121,1.050461623149554,0.4685155041121905,-0.4697112424035574,0.17788488917189468,-0.008145139346496104,0.15583485942114475,False,0.16144354540815814,False,False,0.0,True,0,4
2020-01-06,279.49234339,0.001005950658493012,0.14094984988772347,0.14869015709342315,0.1250801214394625,0.16151683741980633,0.022422028780824162,1,-0.015869728448260956,-0.6953710999672177,0.999025276313564,0.26634095321574774,0.15540985919899222,0.1765415170152881,-0.008130587116829053,0.15550044774117214,False,0.16148019141398223,True,False,0.0,True,0,0
2020-01-07,279.89284634,0.0014319400148140402,0.11510834309734902,0.14442467854879537,0.10870270090491976,0.15536769677912005,0.01907527767458648,1,-0.006405642192429256,1.145235870398641,1.0279419670792922,0.35467675709993957,-0.5131337641404181,0.17603810241126328,-0.009605653654369623,0.1573884438582292,False,0.16144354540815814,False,False,0.0,True,0,1
2020-01-08,281.69459365,0.006416644546117872,0.10885764939112393,0.1445506409458865,0.10717161154972078,0.1507661033132414,0.019619200930113823,1,-0.001686037841403143,1.9828073040976715,0.8752741730839414,-0.1833520604105763,-0.9750359771664948,0.17611991874645203,-0.01119841125781225,0.1571652587242722,False,0.16141839399828334,False,False,0.0,True,0,2
2020-01-09,280.71208111,-0.003493961162330003,0.10911223406539847,0.1446479489338669,0.1045833078941796,0.14972306502819996,0.023106240834295407,1,-0.004528926171218861,1.4982544364562003,0.7554388679773365,-0.5994461767640676,-1.054639081538976,0.17664443543647732,-0.011316785255748873,0.15683403107313848,False,0.1613932425884085,False,False,0.0,True,0,3
2020-01-10,281.83869674,0.004005388244272867,0.10582849425168432,0.14404850238560493,0.10470384455644914,0.14707070521936808,0.03013996961141969,1,-0.0011246496952351803,2.203166802406624,0.41959995480441026,-1.7053642167095806,-1.2980926553991883,0.17770244114851086,-0.011790149787267511,0.1565284622558545,False,0.16135895738882713,False,False,0.0,True,0,4
2020-01-13,286.55601594,0.016599125249482823,0.12072862840318936,0.14678572482417898,0.11312721613024283,0.1452772434620065,0.0461298648410178,1,-0.007601412272946528,0.9544181981409399,0.9009479721214753,-0.05911498254812049,-1.438729683306305,0.180107623523861,-0.0006109356606213581,0.15700197856373876,False,0.16132467218924576,False,False,0.0,True,0,0
2020-01-14,287.84287888,0.004480736660997796,0.12014351369630659,0.14694097882662996,0.11309628009627341,0.15980328796033574,0.0544053678153808,1,-0.007047233600033176,1.125604847845263,0.923076978575968,-0.0018466675871227326,0.048335420067469895,0.18135241553877376,-0.0006311500804950001,0.15667321762847541,False,0.1612830398405855,False,False,0.0,True,0,1
2020-01-15,287.11261889,-0.0025402327154583266,0.1144052399003211,0.14396452249821914,0.10877909879628957,0.15491796615496028,0.07838431370994753,1,-0.0056261411040315346,1.418534160595629,0.8962346438329694,-0.09850944382678187,-0.4522330122648424,0.18495930208912023,-2.4945796497046353e-05,0.15643900649566814,False,0.16124140749192528,False,False,0.0,True,0,2
2020-01-16,285.19294752,-0.006708579060690533,0.116813774603984,0.14438173944597701,0.11075497654487845,0.1503945541820441,0.1268775289834903,1,-0.006058798059105544,1.3468448166435512,0.9369608649526757,0.0365505976620087,-0.8880758974512496,0.1922535979569311,-0.0008803582539271768,0.1561422985022773,False,0.16113298955914163,False,False,0.0,True,0,3
2020-01-17,285.06032919,-0.000465120807918832,0.11680404353123378,0.14404030397447787,0.11065523054632358,0.14938740611911594,0.20381319641862722,1,-0.0061488129849101986,1.3324119336167648,0.9184858001087612,-0.0335757856621716,-0.9656771678453941,0.20382617605664652,-0.0008917296751240149,0.15582011440188104,False,0.16102457162635797,False,False,0.0,True,0,4
2020-01-21,279.91955039,-0.01819859738650618,0.1323477735285524,0.1459626656753767,0.11950885262410156,0.14575576279557922,0.3605113982047924,1,-0.012838920904450837,-0.04594166450273144,0.976323464942583,0.16386945327731442,-1.29666596536733,0.2273965464545405,-0.01335597695544602,0.15635003960940175,False,0.16101098604917502,False,False,0.0,True,0,1
2020-01-22,277.16165421,-0.00990131667806843,0.13452496373532064,0.14734453486358495,0.12607069609876875,0.16313637331128902,0.4407653901865128,1,-0.008454267636551882,0.9304667909164638,1.056594268426725,0.4331867112331937,0.4400773006499122,0.23946826326658227,-0.01441914984290854,0.15605154139671398,False,0.16102457162635797,True,False,0.0,True,0,2
2020-01-23,273.24804842,-0.014220940244314521,0.1436482996281855,0.15008169346198708,0.13287464742921293,0.16180758796086783,0.551244865662384,1,-0.010773652198972583,0.46444192707316934,1.2304945889343117,0.9997884509749919,0.30184591483297035,0.2560864639137401,-0.02004005471370996,0.15603129020661585,False,0.16113298955914163,True,False,0.0,True,0,3
2020-01-24,269.06500078,-0.015426995927544386,0.15189991810336193,0.15325989582403815,0.1315133825939847,0.16678209495821814,0.6496248042750665,1,-0.020386535509377218,-1.6511837265896445,1.3660407735045719,1.4117283516716361,0.7753459208001864,0.27088466559308916,-0.025456173611384126,0.15595715288515635,False,0.16124140749192528,True,False,0.0,True,0,4
2020-01-27,260.35797885,-0.03289546323045148,0.18967551856851014,0.16730837370589768,0.15519470932276452,0.17230076746742662,0.725956389908467,1,-0.03448080924574562,-4.028217551403726,1.8745152352340408,2.8621435530302466,1.2774382318149393,0.2823663783755562,-0.07388440539308969,0.1603122282892675,False,0.1612830398405855,True,True,1.0,True,0,0
2020-01-28,258.54300419,-0.0069954851538356925,0.18973419590916793,0.16786654732385403,0.15421661918391472,0.21636584434572706,0.5001678627824809,1,-0.035517576725253214,-3.6510077021684166,1.7279048867362208,2.309343680219346,4.4859133090237,0.24840351756866022,-0.07388173455497218,0.15998887396860131,False,0.16132467218924576,True,False,1.0,True,0,1
2020-01-29,256.00597503,-0.00986125644688379,0.19285277921390911,0.16508553931305317,0.15618102698205039,0.20033743904718887,0.36108150123123206,1,-0.03667175223185873,-3.3999188249729664,1.7565962391211096,2.251071515435585,2.9180353234198764,0.22748230072194736,-0.07498282584816136,0.15970163873069843,False,0.16135895738882713,True,False,1.0,True,0,2
2020-01-30,252.99348519,-0.011837046009304287,0.19217356691525447,0.16647368147005423,0.15288415625703056,0.19040913813424892,0.2563200518705613,1,-0.03928941065822392,-3.3592921232081743,1.7092146517492202,1.9981481997416477,2.064378526305693,0.21172419924595945,-0.07455264229430848,0.1593827409861306,False,0.1613932425884085,True,False,1.0,True,0,3
2020-01-31,252.26913582,-0.002867221267186285,0.1893770233936618,0.16597976121472646,0.1508628970003454,0.1851698031496126,0.15973707208546017,1,-0.03851412639331642,-2.9560591846033417,1.5869697132691813,1.57918492854696,1.6193499015026838,0.19719629412823694,-0.07427592252232425,0.15908662438184387,False,0.16141839399828334,True,False,1.0,True,0,4
2020-02-03,251.32375558,-0.0037545460497932412,0.18375889749280325,0.16464532060838816,0.15145187959142495,0.1744699091043529,0.11112451917694201,2,-0.0323070179013783,-2.04680869334707,0.7574849102293937,-0.7569321390571807,0.842201684562146,0.1898840476252132,-0.07548948909650142,0.15874003702808331,False,0.16144354540815814,True,False,1.0,True,0,0
2020-02-04,254.86790206,0.01400340895484119,0.19032967406765175,0.16499383620327301,0.15794341672665907,0.16664037163637896,0.08860645378752184,2,-0.03238625734099268,-1.9511566779515552,0.9185903522432362,-0.28596887905123897,0.2865330929754194,0.1864969051065204,-0.06451619008347502,0.15682300605034089,False,0.16148019141398223,True,False,1.0,True,0,1
2020-02-05,258.12594647,0.012702250623754354,0.19553138747104473,0.16013397240331242,0.16402895189330446,0.1709483803019453,0.06974054053371034,2,-0.03150243557774027,-1.7624245901094142,1.0108381380933606,-0.0052328863225699065,0.5793961153119461,0.1836591152772938,-0.062175999231312847,0.15690164704229984,False,0.16151683741980633,True,False,1.0,True,0,2
2020-02-06,259.98857133,0.007190043205899888,0.19587015661313115,0.1572449027430054,0.16500485677162652,0.17218103104695115,0.0561777231751567,2,-0.03086529984150463,-1.6215565632312,0.9377939262819169,-0.18914889511872784,0.6987049709421669,0.18161901127395405,-0.06191024524056314,0.15690111840818755,False,0.1615403052899629,True,False,1.0,True,0,3
2020-02-07,256.09969578,-0.015070868316918399,0.20266512261030517,0.159705427327275,0.16839007929656652,0.16710506253420485,0.05471528246428147,2,-0.03427504331373865,-1.9082998150763384,1.1336392017865469,0.41293144030800516,0.3754796866679407,0.18139903255787837,-0.06556440303011515,0.1570485249297285,False,0.1615637731601195,True,False,1.0,True,0,4
2020-02-10,255.84641253,-0.0009894919271944307,0.202196303155279,0.15916188580511295,0.16880451957157344,0.17304998871516816,0.037081724936760596,2,-0.033391783583705564,-1.7318839046356926,1.1259807110868265,0.415215450218874,0.8303300860946082,0.17874661231553624,-0.06571571970334172,0.15704826848199177,False,0.16158653882521784,True,False,1.0,True,0,0
2020-02-11,259.14777259,0.0128211361557759,0.19870294973389488,0.1612656617324706,0.1612921214822214,0.16497508897042767,0.02993214013955448,2,-0.03741082825167347,-2.046737172068343,1.0832861789999213,0.3035446506484256,0.2400337335477475,0.1776711796689557,-0.06768187377937644,0.15708430273545054,False,0.16160930449031616,True,False,1.0,True,0,1
2020-02-12,260.86718313,0.006612951366349392,0.19945150840437825,0.16132809105842516,0.16710760919456372,0.1681575654506286,0.02181819719024983,2,-0.032343899209814536,-1.4681290625869392,0.9720293560309172,-0.0418217316495838,0.4737645722744855,0.1764506893345263,-0.06798375034989372,0.15707349973468518,False,0.161708446225592,True,False,1.0,True,0,2
2020-02-13,262.1648556,0.004962124828266107,0.2000246108654399,0.16113250020322087,0.16980463734992857,0.16372115116578684,0.017721122579017586,2,-0.03021997351551134,-1.2112880504862218,0.945822848610698,-0.1422771005180277,0.13930291771330117,0.17583441189781177,-0.06783218167099667,0.15707447336118177,False,0.16180758796086783,True,False,1.0,True,0,3
2020-02-14,260.83308213,-0.005092855066754987,0.19942314287040597,0.1609114844848005,0.16666852162503637,0.15929237846758343,0.01657462016904267,2,-0.0327546212453696,-1.4118738943901104,0.7109249153808542,-0.885539654046842,-0.19247463752127897,0.17566195627191972,-0.06740739141336886,0.15693151215892798,False,0.161708446225592,False,False,1.0,True,0,4
2020-02-18,261.28780191,0.0017418184518774638,0.19951213396343206,0.15852116694417548,0.16971438407266976,0.15603421763594724,0.01528928926737698,2,-0.02979774989076231,-1.0847404691579319,0.7244947065401567,-0.8361189648971268,-0.434935239821714,0.17546861821768053,-0.0681868289492373,0.15691881461871982,False,0.16160930449031616,False,False,1.0,True,0,1
2020-02-19,261.58364043,0.0011315919272412375,0.18880742880553833,0.15844247113052068,0.1652020996089792,0.1521696174592283,0.016336046915617294,2,-0.02360532919655914,-0.462599679948207,0.44493240743771895,-1.6552859749764617,-0.7064687814683492,0.17562607034670702,-0.08654069882316533,0.15652146098412167,False,0.16158653882521784,False,False,1.0,True,0,2
2020-02-20,259.82606514,-0.006741654127344583,0.18704453857348144,0.15793143163395826,0.15955391264923383,0.14910879742155575,0.020214677004279556,2,-0.027490625924247614,-0.8205305537364677,0.4502456463154662,-1.5846068547504857,-0.9166423446044482,0.17620948959966654,-0.0818482364891294,0.1563433868079918,False,0.1615637731601195,False,False,1.0,True,0,3
2020-02-21,261.80506128,0.007587758991611107,0.18210691946822052,0.15764552098668552,0.16113614846840502,0.14952816239308397,0.023507489249370767,2,-0.020970770999815508,-0.17712433997268592,0.5198869802235753,-1.336265786699834,-0.8688574588727634,0.1767047907797875,-0.08294512869422582,0.1564118674596437,False,0.1615403052899629,False,False,1.0,True,0,4
2020-02-24,258.5808398,-0.012391814350470499,0.17916207006091012,0.15965490366252302,0.15781582311808598,0.15049955419595457,0.03051385743706046,2,-0.021346246942824137,-0.20131077208083278,0.7182345374068585,-0.7408151945407657,-0.7833699787972609,0.17775868094218533,-0.08776210232598172,0.15621654106302615,False,0.16151683741980633,False,False,1.0,True,0,0
2020-02-25,258.42197104,-0.0006145760203597134,0.13590144039155558,0.1572234383317978,0.1266296576136956,0.15693488277766166,0.029069976363625665,2,-0.009271782777859977,0.9561074236883075,0.725619771211132,-0.7103822201874803,-0.31685470492946693,0.1775414939462694,-0.08495136756762621,0.15907459805396762,False,0.16148019141398223,False,False,1.0,True,0,1
2020-02-26,257.59597187,-0.003201438581101577,0.13409600178895165,0.15736018547488367,0.12640090351351924,0.15231775114173868,0.03445518281550481,2,-0.00769509827543241,1.0820227687597601,0.7374712719682981,-0.665379532046089,-0.6410882340487227,0.17835153075137025,-0.08434160292310176,0.15869449245185754,False,0.16144354540815814,False,False,1.0,True,0,2
2020-02-27,257.35426616,-0.0009387537276422163,0.1294896226803212,0.15520593415666756,0.12368044154763143,0.1494202633355416,0.04729018114247776,2,-0.0058091811326897586,1.235548534057156,0.6825082104055424,-0.8054713600109473,-0.8399949688290821,0.18028215702004907,-0.08254340534959909,0.15843692888202837,False,0.16141839399828334,False,False,1.0,True,0,3
2020-02-28,254.36483429,-0.011684011310490927,0.12931437740663582,0.15682369864171422,0.12006541607505641,0.14660092039934572,0.07530920737836728,2,-0.009248961331579403,0.8998300574318162,0.7861507254912524,-0.4963109596828222,-1.0172656175199748,0.18449674799199559,-0.08384477782956223,0.15821011291597667,False,0.1613932425884085,False,False,1.0,True,0,4
2020-03-02,259.85153035,0.021340838877171597,0.14952277360326888,0.16138867459880374,0.1367006409017369,0.15292420044332122,0.10005924587851445,3,-0.012822132701531985,0.5643210952370878,1.0805998640064856,0.3555609654055127,-0.5565765473132791,0.1882196214401969,-0.06495731213590927,0.15950356038695876,False,0.16135895738882713,False,False,1.0,True,0,0
2020-03-03,257.62698962,-0.00859766868493671,0.1520224762651597,0.1599663924555276,0.1429134182893904,0.17519853075609415,0.09707117301297555,3,-0.009109057975769302,0.90264886577765,1.1547292789931543,0.5630908393770735,1.0134864316516794,0.18777015882088263,-0.06522175996405226,0.15951291110251192,False,0.1613932425884085,True,False,1.0,True,0,1
2020-03-04,258.89346616,0.004903887402163923,0.1447170918410396,0.16024489766707936,0.13558515973805912,0.17007505208160384,0.1007973555169471,3,-0.009131932102980467,0.8929423817482035,1.1644107790336506,0.5834962141322834,0.6409822885852332,0.18833064707657182,-0.0670171637814132,0.15967930820176332,False,0.16141839399828334,True,False,1.0,True,0,2
2020-03-05,257.64232518,-0.004844362957125046,0.13858483776546146,0.1535015867403853,0.13491292304677577,0.16347265748590512,0.12774347574369221,3,-0.0036719147186856926,1.372864409269471,1.2352756975392345,0.7956781987757966,0.16698616992673193,0.19238385271193248,-0.06622478788671274,0.15978663300735,False,0.16144354540815814,True,False,1.0,True,0,3
2020-03-06,256.26311681,-0.005367569862657163,0.1375405203151767,0.15180305312167133,0.13263474562934133,0.15846756274357848,0.18155100953487016,3,-0.004905774685835362,1.2354891879076206,1.150947968023249,0.576850770636143,-0.1624282826968792,0.20047752250008977,-0.06613707240160391,0.1597823621383291,False,0.16141839399828334,False,False,1.0,True,0,4
2020-03-09,251.3300434,-0.01943772736005121,0.14427800008872338,0.15683831680533725,0.1368278853341937,0.1550220833921353,0.27753428505781413,3,-0.007450114754529669,0.9854522870943264,1.0401827172059566,0.27669675126290777,-0.38764011106652635,0.21491522076523117,-0.07035345316001487,0.1599192994747335,False,0.1613932425884085,False,False,1.0,True,0,0
2020-03-10,252.45047567,0.004448104184097456,0.14509687684523073,0.1561368191421446,0.13982452518126226,0.17245442296161467,0.3061207708538155,3,-0.005272351663968472,1.1481322920498451,0.989852636702316,0.1461552721311611,0.8923311600168223,0.21921516837729996,-0.07002363016672221,0.1599165028992202,False,0.16141839399828334,True,False,0.0,True,0,1
2020-03-11,250.42240584,-0.00806597810332232,0.1407183442119862,0.1569075272751748,0.13062621104868594,0.16504149518217656,0.38998611879706907,3,-0.010092133163300265,0.7016402940930899,1.0267242648774397,0.2794933794041201,0.35077380347305337,0.23183010136337373,-0.06923161160923554,0.15997201003448266,False,0.16144354540815814,True,False,0.0,True,0,2
2020-03-12,247.53194863,-0.011609456362840805,0.144737215752298,0.1582869016604592,0.1293715552103822,0.16207160012187874,0.5208445287962192,3,-0.015365660541915793,0.2286223578263744,1.1224009605203387,0.5577649439766393,0.1309227042494837,0.25151367882757764,-0.07059388233371039,0.1600139431444614,False,0.16148019141398223,True,False,0.0,True,0,3
2020-03-13,246.71268203,-0.0033152301493645712,0.14414263519927048,0.15692408265433178,0.130497909194557,0.16388880229593905,0.6730804138978682,3,-0.013644726004713476,0.3755304411069557,1.1159248362128649,0.5191132698145979,0.25690595936277544,0.2744128324796007,-0.06591426540512706,0.15975691690344465,False,0.16151683741980633,True,False,0.0,True,0,4
2020-03-16,239.60852855,-0.029217968344592303,0.17665441064552637,0.16795021946007194,0.1496011414222652,0.15806687834458175,0.9669982967988912,3,-0.027053269223261178,-0.8060364369636419,1.3919079971211845,1.3206988565873141,-0.16903200280642264,0.31862363571520985,-0.09908138980578336,0.16303611300422205,False,0.16148019141398223,False,True,1.0,True,0,0
2020-03-17,231.72869146,-0.03343920657424246,0.21273840278835957,0.1813889965468607,0.17009165390994166,0.198308195451622,0.9983286877871994,3,-0.042646748878417906,-2.0702377842504065,1.8285270865900642,2.4737703286002164,2.5791810155649917,0.3233363185149334,-0.1372540821809981,0.1669353876462376,False,0.16151683741980633,True,True,2.0,False,0,1
2020-03-18,215.53485807,-0.07244460313535969,0.33372005081000444,0.2341888487544154,0.25695919851688664,0.2340260355808622,0.9999999966893964,3,-0.0767608522931178,-4.122898139028566,2.601721554594236,3.981580535690683,4.167614498466769,0.32358771495359734,-0.33401840592681276,0.20361795018058945,False,0.1615403052899629,True,True,3.0,False,0,2
2020-03-19,218.89026318,0.015447872015291526,0.3373473382367583,0.23585719683287296,0.261955402028223,0.37838458612214537,0.9836584156823265,3,-0.07539193620853529,-3.5103478015816783,2.601466547502076,3.4884824347620684,6.4920990588818555,0.32112963239213016,-0.3316477897259742,0.2032543317488842,False,0.1615637731601195,True,False,3.0,False,0,3
2020-03-20,217.34611082,-0.007079459216495913,0.33720808009980247,0.23629575633717217,0.2584468377831799,0.3387629038942192,0.9810493848928139,3,-0.07876124231662257,-3.2998694906063943,2.6034302775050615,3.156001790646904,4.291229067242121,0.3207371848631391,-0.33164618623703607,0.20324384358522654,False,0.16158653882521784,True,False,3.0,False,0,4
2020-03-23,210.22144485,-0.033329589237559826,0.3546425318941297,0.2455904164095153,0.2715240163845941,0.30173512417798004,0.9982884250442535,3,-0.08311851550953558,-3.172390900176424,2.5474346464221775,2.7934812346299216,3.025385269291224,0.3233302622376204,-0.33683047448891895,0.20368550313065284,False,0.16160930449031616,True,True,4.0,False,0,0
2020-03-24,218.29581634,0.03768962423545406,0.3790316138885685,0.2569766319932,0.2935480804040562,0.30641861191794834,0.9960905803923609,3,-0.08548353348451226,-2.9806635958566754,2.481497681957701,2.4804658243158846,2.85647598898106,0.3229996648731858,-0.30361438221324855,0.2050313820783355,False,0.161708446225592,True,True,5.0,False,0,1
2020-03-25,220.80870075,0.011445620552400284,0.3810334006220045,0.2576607945747342,0.3058789137087296,0.31949082769053655,0.9283670182088534,3,-0.07515448691327492,-2.321546851730885,1.4967900152861184,0.6317997815270149,2.86049955267863,0.31281276146820364,-0.3026194996948548,0.20503131926263496,False,0.16180758796086783,True,False,5.0,False,0,2
2020-03-26,218.28609027,-0.011490176086444811,0.3831955803210248,0.2587138764542712,0.29972327995274095,0.2904425242624188,0.89665009110273,3,-0.08347230036828385,-2.5084807739201684,1.4635232098524225,0.5470731154280373,2.1439061292568327,0.30804193633267013,-0.3023714027907132,0.20502902260961178,False,0.16193959404137329,True,False,5.0,False,0,3
2020-03-27,217.64127787,-0.002958350025259877,0.38108925828620155,0.25747615475750035,0.3013677624088304,0.2678490429610513,0.8806399236781725,3,-0.07972149587737115,-2.204046024652816,1.459826453917488,0.521850075380037,1.633889858809877,0.3056337046361502,-0.3020750968539769,0.20504692203643557,False,0.16207160012187874,True,False,5.0,False,0,4
2020-03-30,216.1352853,-0.006943660625044755,0.37429679242440306,0.2571113932615295,0.28732159183055045,0.24585916310956393,0.9028125256482359,3,-0.08697520059385261,-2.34271395417177,1.1519430564415682,-0.0614440639336319,1.1756377146268755,0.3089688829289595,-0.31603243240967066,0.2042321825909154,False,0.1620734380588703,True,False,5.0,False,0,0
2020-03-31,223.28174431,0.03252986894597326,0.3905123838000627,0.2641830726338392,0.3112090751936776,0.23037784967938613,0.9600810391120245,3,-0.07930330860638513,-1.9342169734829262,0.9976174608896023,-0.3489244391084338,0.8574046711945132,0.31758314945589966,-0.2970030251102009,0.20478012802594353,True,0.1620752759958619,True,True,6.0,False,0,1
2020-04-01,218.01100822,-0.023888843470231267,0.39923357061741194,0.2686732001332688,0.3108524520237697,0.2580848134429222,0.9476304932892881,4,-0.08838111859364223,-2.1512489795331833,1.1266034879416855,-0.11132919286060279,1.328044430325873,0.3157103521081782,-0.2996080758923245,0.20491057101919982,True,0.16209975699939877,True,False,6.0,False,0,2
2020-04-02,222.34394261,0.019679916058902885,0.4049342138886319,0.2716676881304531,0.3179870146978355,0.25982436588592617,0.8778981774311126,4,-0.08694719919079635,-1.9907026632216676,1.1898467483075663,0.002221333459522671,1.3118604229548478,0.3052212941946544,-0.2990572592223174,0.20484889660359124,True,0.1621242380029356,True,False,6.0,False,0,3
2020-04-03,219.67390177,-0.01208129196563278,0.4067527103476282,0.2724764701494814,0.32267946155448446,0.25473167876137665,0.7952228690056523,4,-0.08407324879314376,-1.803701087150728,1.224942885641064,0.057323769672343955,1.1776491024926177,0.29278536563813234,-0.29770677049093297,0.2047669454156487,True,0.16224478123157182,True,False,6.0,False,0,4
2020-04-06,222.19929854,0.011430538285382,0.4029062547024088,0.27338784617619344,0.32148086393388803,0.24208526139943107,0.727704295745659,4,-0.08142539076852079,-1.6401788295049287,1.2434191560269532,0.0772464839472802,0.9181569392469792,0.2826292964405604,-0.2987625312656252,0.20481826002427866,True,0.16236532446020802,True,False,6.0,False,0,0
2020-04-07,227.87144866,0.025206927965709433,0.4124197561586186,0.27810459899699363,0.3322404642206966,0.23201827661341187,0.7000535930225253,4,-0.080179291937922,-1.5368146188732292,1.1038894316726178,-0.21253579522032795,0.7115603409053408,0.27847010828449154,-0.29296998790318907,0.20491647932906748,True,0.16238328799900462,True,False,6.0,False,0,1
2020-04-08,227.03765674,-0.0036657558347106115,0.41163043508066494,0.27611841041807367,0.3295244402832468,0.2445929596429042,0.5904719151823531,4,-0.08210599479741815,-1.5406727269318188,0.9315569535790288,-0.5463844818105672,0.9082941579135555,0.2619869533658395,-0.2926875419170253,0.20487518114399467,True,0.16240125153780122,True,False,6.0,False,0,2
2020-04-09,227.26346681,0.0009940987459223665,0.4095776427018134,0.27597319388525365,0.3312948679456604,0.22951688432757844,0.5453152575334859,4,-0.07828277475615303,-1.360122827899058,0.7829872354703228,-0.8261054049905437,0.6149573161589303,0.2551945388098183,-0.29284020516956544,0.20489572651623572,True,0.16252709254345982,True,False,6.0,False,0,3
2020-04-13,231.82231532,0.01986120479551204,0.41543429310060354,0.2789101385261681,0.3363192154593416,0.2174598489195906,0.5541087955076988,4,-0.07911507764126191,-1.339822931243844,0.8724866465230239,-0.6527670395118987,0.3795412255204907,0.25651725307710127,-0.29000202971153216,0.2049310499483331,True,0.16265293354911842,True,False,6.0,False,0,0
2020-04-14,234.31610727,0.010699893514368642,0.4040689387674049,0.27943280527373393,0.3359349341656547,0.22520297444065907,0.5454627447975224,4,-0.06813400460175023,-0.9385821406632268,0.864841602037404,-0.664230065886911,0.49928183640872664,0.25521672368113585,-0.3016209974714322,0.20488962191139276,True,0.16270784943464434,True,False,6.0,False,0,1
2020-04-15,230.90181272,-0.014678522500740537,0.38974019064806414,0.28104574706262925,0.32780999375791287,0.21913927901713992,0.5729152141177611,4,-0.06193019689015128,-0.7029205391351635,0.6866153504210171,-0.9933531179241994,0.36979013631650043,0.25934609378774276,-0.29476847816074464,0.20545729751039404,True,0.16276276532017028,True,False,6.0,False,0,2
2020-04-16,230.59197358,-0.0013427664499581925,0.2929036628056423,0.27857367258336513,0.2518114696225151,0.21899661522482158,0.5905790070518478,4,-0.04109219318312718,0.02183944557560008,0.6872326148576401,-0.9764920921574738,0.3473245009512232,0.2620030620065375,-0.26536516464439625,0.22751021124571524,True,0.16289017958222052,True,False,6.0,False,0,3
2020-04-17,235.8260052,0.022444466458644206,0.2985515599985995,0.28161552987669186,0.2525534704991151,0.20963043359174754,0.6672192755748545,4,-0.04599808949948442,-0.1262947239609088,0.884109700853204,-0.596073320817734,0.1609708618444461,0.2735312065282368,-0.2625703510877173,0.22752140087425565,True,0.16301759384427075,True,False,6.0,False,0,4
2020-04-20,233.82407581,-0.008525247182635589,0.2990272626306131,0.28064777640259175,0.2528426103214966,0.22444217656465626,0.699169360175919,4,-0.0461846523091165,-0.11346824504168948,0.7623256088221849,-0.8072538432178744,0.4170339303593542,0.278337102956575,-0.2608048081234184,0.22740303408537071,True,0.1630769835777799,True,False,6.0,False,0,0
2020-04-21,226.46602068,-0.03197410523071579,0.29715648329965644,0.2864567147894007,0.24748412698716857,0.21689543727786936,0.7650938462337402,4,-0.04967235631248787,-0.21962901510635335,1.056133674657679,-0.24467070997558915,0.26225038890870156,0.28825339131828887,-0.25853860259870337,0.2268108776902888,True,0.16313637331128902,True,True,7.0,False,0,1
2020-04-22,231.17518439,0.02058088248797983,0.2752100905201248,0.2815876179519545,0.24023932420464694,0.24967160958212584,0.5779744749800169,4,-0.03497076631547785,0.29821310872392315,1.1342881356183858,-0.07538506449535502,0.8456633131675657,0.26010710221734595,-0.26658657049095774,0.2279192661821689,True,0.16318799496761988,True,False,7.0,False,0,2
2020-04-23,232.33908986,0.005022101717016634,0.27277785247250114,0.2814107003917117,0.2316831175686966,0.24979038644806958,0.31457754206822813,4,-0.041094734903804525,0.08594139080324202,1.1415480706029457,-0.043261618022418326,0.8328794915759128,0.22048722656062206,-0.2670503722654461,0.22793661350597139,True,0.16323961662395076,True,False,7.0,False,0,3
2020-04-24,234.26435766,0.00825231247742096,0.2712974767392354,0.28119313412939445,0.2334432857093634,0.23474154168995123,0.18270725936320703,4,-0.037854191029871975,0.20082072856979566,1.0136360472317332,-0.2690372134495826,0.5432260087023122,0.20065144432188314,-0.26492642115763787,0.22774987427782103,True,0.16335317716908532,True,False,7.0,False,0,4
2020-04-27,235.09855102,0.003554580998678026,0.271387636686436,0.280239469223164,0.23284430120121685,0.2250454642855741,0.1105456720644428,4,-0.038543335485219155,0.17608973538445372,0.9979622257639436,-0.27916043806752033,0.35395630386399085,0.18979697808204146,-0.26581003991541574,0.22773746733666958,True,0.16346673771421988,True,False,7.0,False,0,0
2020-04-28,235.16389326,0.00027789691145994135,0.27026786837201117,0.28017843678601306,0.22939596788666675,0.21538077745624487,0.07749829224707272,4,-0.04087190048534442,0.09545787845724478,0.5831193938649928,-1.0598398858755889,0.1670272661457584,0.18482602771952064,-0.2658421242976054,0.2270529762289677,True,0.1634696976000625,True,False,6.0,False,0,1
2020-04-29,237.62417949,0.010407658652222703,0.2471362391173865,0.280883769482494,0.21141838922494208,0.20749504252934034,0.06640000363589052,4,-0.03571784989244442,0.2792637352183699,0.37004472285352774,-1.44525320433815,0.011679358116283244,0.18315663540763394,-0.26988592388024757,0.2282727990123054,True,0.16347265748590512,True,False,5.0,False,0,2
2020-04-30,234.97347084,-0.011217730111987201,0.23552355419201754,0.28035800039597947,0.20363649401194417,0.20645574103626244,0.06422365793484335,4,-0.03188706018007337,0.4139967213322746,0.4494038050390093,-1.2604690669752112,-0.019873678306250395,0.18282927189163425,-0.2405320428473347,0.22439201106574183,True,0.16353146594103246,True,False,4.0,False,0,3
2020-05-01,231.74900313,-0.01381771478100532,0.23021095633104752,0.28057949512330066,0.19591455108689843,0.20643151519440373,0.058584267398150446,5,-0.03429640524414909,0.3309030213460659,0.5294151865086939,-1.0814293288790582,-0.031425456165227975,0.18198100099730952,-0.23924147223854555,0.22441945727954474,True,0.1635902743961598,True,False,4.0,False,0,4
2020-05-04,231.91706259,0.0007249159676961111,0.22619602074004877,0.2801962418867317,0.19120089989952974,0.20927843187091516,0.0410814082264772,5,-0.034995120840519034,0.3089717345775192,0.5227560571634398,-1.0710783213202395,0.010146459771451975,0.17934824025726293,-0.24022502999805537,0.2244568368420995,True,0.16365571278097332,True,False,4.0,False,0,0
2020-05-05,233.97058095,0.008815566102339967,0.2247166171009455,0.2790741534605793,0.19164396860054694,0.2027138036597168,0.035563920971378615,5,-0.033072648500398566,0.3760542521287884,0.5707162507963084,-0.9559491817733483,-0.12440595145324275,0.17851830591988108,-0.2403197804637328,0.2244622680470583,True,0.16372115116578684,True,False,3.0,False,0,1
2020-05-06,235.49808122,0.006507380719428884,0.20742519979360757,0.27938526115359796,0.18184329127352686,0.20132918964318747,0.03552038983481681,5,-0.025581908520080715,0.6344226493755334,0.5314073359915966,-1.001929899440351,-0.1599134426884766,0.1785117580144111,-0.24217105143632922,0.22511966570442402,True,0.16374027695992976,True,False,2.0,False,0,2
2020-05-07,238.70655644,0.013532234511166663,0.21251641567827004,0.27952608370549836,0.1831223323496757,0.19858004599824453,0.043219786447664894,5,-0.029394083328594334,0.4946058504014216,0.5648536401802984,-0.9175558773358722,-0.22366755132105667,0.1796698927468873,-0.23981046247663626,0.22517617850564556,True,0.1637594027540727,True,False,2.0,False,0,3
2020-05-08,241.32524882,0.010910603543177884,0.21598772002933928,0.28009129596637705,0.18709032608815468,0.20302896839926962,0.050386552386504024,5,-0.028897393941184596,0.5095788621887953,0.5211426505293573,-0.9759857319640824,-0.1510449378901034,0.1807479097618111,-0.2384618338712952,0.22520220323299872,True,0.16382410252500587,True,False,2.0,False,0,4
2020-05-11,238.68717879,-0.010991784541505659,0.20785266123889334,0.2808116094171074,0.18149024651865475,0.20322237454708658,0.06350205456014829,5,-0.02636241472023859,0.5956454845994982,0.5891379383992161,-0.8368564983257151,-0.16101534361533573,0.18272072910921522,-0.2358806867827298,0.2252886476609475,True,0.16388880229593905,True,False,2.0,False,0,0
2020-05-12,236.61236099,-0.008730624818838904,0.20668963084610034,0.2811874176751349,0.18485734016881322,0.2033814931645465,0.07405937234923582,5,-0.02183229067728712,0.7454949733708308,0.5875426250436698,-0.8337387249174079,-0.17355297617306514,0.1843087491876884,-0.23634359718622572,0.22529086898229128,True,0.16390703954440156,True,False,2.0,False,0,1
2020-05-13,235.3591226,-0.0053106654915125685,0.20090092017780303,0.2813753270133564,0.17835910432257224,0.20138283986121966,0.08943300998761573,5,-0.022541815855230796,0.7146474252922967,0.5794327008307709,-0.8413312667279332,-0.22920486483859934,0.18662123477698767,-0.23557028942876918,0.22536614439738256,True,0.16392527679286406,True,False,1.0,True,1,2
2020-05-14,235.31254248,-0.0001979304198996421,0.2008456005932394,0.28136606243779794,0.1780502590952441,0.19759172066460545,0.12161383755560964,5,-0.02279534149799528,0.7051028609978365,0.46819733548154824,-1.0425739707546715,-0.321927069602873,0.1914618393074944,-0.2358643328350786,0.22536369584754118,True,0.16395650125806321,True,False,1.0,True,0,3
2020-05-15,233.76063464,-0.006616935600102006,0.18585836080307222,0.2813536273526184,0.16564440949209963,0.19334003454301385,0.19309330307142353,5,-0.02021395131097259,0.7886036075998918,0.41389943995110057,-1.1376760333556384,-0.42614261995818387,0.20221370154232943,-0.23295674109174971,0.22582279769129315,True,0.1639877257232624,True,False,1.0,True,1,4
2020-05-18,241.0910039,0.03087680883769156,0.21363548063180257,0.28796221492048435,0.18784436632446014,0.19220253442919083,0.30884723261222063,5,-0.025791114307342433,0.5986956783603355,0.8182709075175317,-0.4233928215076644,-0.4692831829655171,0.2196252797428981,-0.20919954127289975,0.227394841774132,True,0.1641261003162936,True,False,1.0,True,1,0
2020-05-19,242.57459983,0.006134819476962034,0.18229867087866444,0.2871156018049323,0.15441069633240112,0.23138116010850657,0.27097191695321654,5,-0.027887974546263322,0.5307829068287943,0.8061821532534136,-0.4485113998042022,0.303789096727189,0.2139281166048161,-0.21184854554354587,0.22955840550445833,True,0.1642644749093248,True,False,1.0,True,1,1
2020-05-20,246.7471,0.017054634223661196,0.1776531226662369,0.2892324268612432,0.1568458812366938,0.22042958633992416,0.2725229161062843,5,-0.0208072414295431,0.7900227995143457,0.8936972184930762,-0.29595872293126796,0.05695744069689148,0.21416141618393003,-0.21277052815135714,0.22960499744957377,True,0.16426789437651412,True,False,1.0,True,1,2
2020-05-21,244.03977995,-0.011032680871503516,0.1810428502224691,0.2900406424427181,0.15822613333798946,0.2230028681660051,0.27060782204263856,5,-0.022816716884479643,0.7348295122149984,0.9312094151105046,-0.2343718890941281,0.08751399703744435,0.21387334985060646,-0.212311389278954,0.22957542547968077,True,0.16427131384370344,True,False,1.0,True,0,3
2020-05-22,239.4980251,-0.018786073698848656,0.190696601974116,0.29257840411709435,0.16843035943859722,0.21779134008623355,0.27538847893077684,5,-0.022266242535518788,0.7721525845986482,1.0169471323268204,-0.08904006799778416,-0.04823958053378158,0.21459245097821505,-0.2151380720293091,0.22959619899664263,True,0.1643026368194097,True,False,1.0,True,1,4
2020-05-26,242.70466975,0.013300182491803234,0.19604812569439975,0.29286808163156747,0.16896517858706647,0.22379590594149215,0.23293336619647695,5,-0.027082947107333277,0.6163704897226001,0.7588614184657665,-0.5588816868663583,0.055069866368029304,0.2082063998236692,-0.21287572430426493,0.22965329853878375,True,0.164333959795116,True,False,1.0,True,1,1
2020-05-27,239.1670546,-0.0146830723944996,0.20285551873247373,0.2911432470873907,0.1767660178555874,0.22081490061830075,0.20721446068041693,5,-0.02608950087688633,0.6652190904761567,0.8297742327152944,-0.4212793867661196,-0.03665651112128649,0.2043377904693052,-0.21434670669235664,0.22975228342460577,True,0.16451563275548353,True,False,1.0,True,1,2
2020-05-28,242.27629192,0.012916496073930582,0.2046647735542811,0.2918126751418443,0.17616459985179245,0.2203067009888321,0.16492882370578132,5,-0.02850017370248864,0.5958099746046942,0.7822813475728307,-0.4955357044978139,-0.06574801645445573,0.1979772316712971,-0.21264628798674476,0.22971666346103892,True,0.16469730571585103,True,False,1.0,True,0,3
2020-05-29,243.45593216,0.004857172329541067,0.20149287376135894,0.29180939364807934,0.17577701794176828,0.21789849193328556,0.13759068387327109,5,-0.025715855819590655,0.7162578190016079,0.7442433320021542,-0.5506912692611857,-0.1405931603466706,0.19386505887992705,-0.22243774330850571,0.22412608119809957,True,0.16471671312028086,True,False,1.0,True,1,4
2020-06-01,247.9019359,0.018097298819181575,0.20571904082913253,0.2939893001182855,0.1749572537981905,0.20988406163983742,0.13815094883295595,6,-0.03076178703094204,0.5549498737739982,0.7286290332514963,-0.5627145561256164,-0.3490692298766392,0.1939493333162014,-0.2201670223058392,0.2241527493131605,True,0.1647361205247107,True,False,1.0,True,1,0
2020-06-02,249.98136211,0.008353115315230485,0.2078289237973283,0.2942817633609723,0.17769033580366522,0.21728769225117692,0.1270891351550764,6,-0.03013858799366309,0.605138456941769,0.6837428437637459,-0.6279550664556733,-0.20255251462260757,0.19228542752348585,-0.21899314396326233,0.22398068982924205,True,0.16477319290477527,True,False,1.0,True,1,1
2020-06-03,249.61824315,-0.0014536401555093538,0.20552442008948157,0.2915883487228373,0.17666213959048035,0.21146780066734583,0.13661943234732046,6,-0.02886228049900122,0.6785521521539689,0.5912997963971602,-0.7772219855763983,-0.373461268832748,0.19371896429839883,-0.21928414244610425,0.22399202505262758,True,0.16481026528483983,True,False,0.0,True,1,2
2020-06-04,249.85572544,0.0009509296693320027,0.2042501441176084,0.2914523346686476,0.17585464642676524,0.20404793329542023,0.17538896774157028,6,-0.028395497690843152,0.7250158657731335,0.5015075800730349,-0.9171337898195118,-0.5757542562320052,0.19955063498115333,-0.2193862671767691,0.22398910541665656,True,0.16485848991506238,True,False,0.0,True,0,3
2020-06-05,256.58435882,0.02657384179177716,0.2197919979221255,0.2960356759851963,0.18871714855479077,0.1983594134540819,0.2652412923619256,6,-0.031074849367334734,0.6415269373172727,0.7977037961671637,-0.38190054608396173,-0.7429373501842645,0.21306612238479095,-0.2090264053921624,0.22447456739766952,True,0.16490671454528494,True,False,0.0,True,1,4
2020-06-08,257.8208452,0.004807450436992433,0.21702490238898633,0.2952424703310798,0.1880540122272408,0.22537926999757013,0.2627646327803693,6,-0.028970890161745533,0.7430961229382997,0.6809939540894007,-0.5751153075547208,-0.08904340491376554,0.21269358598666155,-0.2089114413086944,0.22447515904787557,True,0.1649409017578563,True,False,0.0,True,1,0
2020-06-09,261.21783281,0.01308972243241334,0.21848656533509883,0.2963808135378181,0.1820024671634659,0.21545870858608376,0.30097749969133547,6,-0.03648409817163292,0.45768951796721535,0.7200499453058972,-0.4931761121575185,-0.3769422360295009,0.2184415232111487,-0.21065327059476233,0.22436880646032784,True,0.16497508897042767,True,False,0.0,True,1,1
2020-06-10,267.08380189,0.02220780621341876,0.2301958103554556,0.29381537393467516,0.1868132623277682,0.21449666341729648,0.3626622827463321,6,-0.0433825480276874,0.18344372543751097,0.9023667483067899,-0.15616794510547366,-0.44056112474590314,0.22772008013105566,-0.20252577940984828,0.22387731317467302,True,0.16500829207630213,True,False,0.0,True,1,2
2020-06-11,260.22987938,-0.025997082066167687,0.24728614895684728,0.29063667777288843,0.20277372231169136,0.22740187598904396,0.37917676112041093,6,-0.04451242664515592,0.13754539641328323,1.1112556305891865,0.24142163850666512,-0.10183999505666576,0.23020416972345722,-0.2097104331339786,0.22449203121078629,True,0.16504149518217656,True,False,0.0,True,0,3
2020-06-12,261.91143311,0.006441013201884608,0.2483398430499348,0.2502027102229222,0.20598038232014126,0.24352144092764075,0.2325355899931608,6,-0.04235946072979355,0.20613654163102893,1.0635487505803403,0.2182802080313563,0.3369295862079275,0.20814656676661583,-0.209488342913686,0.22448193067564948,True,0.16508737247383864,True,False,0.0,True,1,4
2020-06-15,258.8572466,-0.011729666727124178,0.2507081437258559,0.2493531214886944,0.2048172576078912,0.23038181489520615,0.1590120658214748,6,-0.04589088611796471,0.0362700295796815,1.1097963912160715,0.39518808235997627,0.0514449423205747,0.1970872394869702,-0.20893849327035963,0.22444659202236672,True,0.1651332497655007,True,False,0.0,True,1,0
2020-06-16,258.93399162,0.0002964322873664622,0.22548420396237337,0.24893141533207103,0.1909719478552928,0.22444511531519812,0.08902881297459253,6,-0.03451225610708056,0.49948359553746025,1.0471570993754369,0.3587147694396766,-0.08973000990085234,0.18656043590883167,-0.2079598388663828,0.22591262362137488,True,0.16518260581389876,True,False,0.0,True,1,1
2020-06-17,261.19805827,0.008705792885037235,0.22654773661481936,0.24004073122176867,0.19320421132924967,0.21417243184580037,0.05517984837961749,6,-0.03334352528556969,0.52492727183162,0.9023150758763864,0.08163489605208679,-0.44222203761583556,0.18146891204962676,-0.21787372400447869,0.22517249875640066,True,0.1652319618622968,True,False,0.0,True,1,2
2020-06-18,261.27812842,0.00030650258391324247,0.21831220246809163,0.227274755647307,0.18758927338486536,0.209759649667167,0.035813697155464445,6,-0.03072292908322627,0.6160054222414594,0.4988522625667353,-1.248701434097539,-0.6058981828901856,0.17855587697754713,-0.21764595729466618,0.22532654960277562,True,0.16526665061963247,True,False,0.0,True,0,3
2020-06-19,263.16813563,0.007207660810137507,0.21628943540647705,0.22654314547464433,0.1827889609919395,0.20300850458470962,0.0275819896062845,6,-0.033500474414537545,0.4651321874069424,0.5106263601483677,-1.1919342921489664,-0.9593762720480994,0.17731767262210668,-0.21774186122634442,0.22532993820749575,True,0.16530133937696817,True,False,0.0,True,1,4
2020-06-22,266.74432293,0.013497480707015428,0.21125781444887518,0.22700762032383096,0.17363954125377737,0.2003051537591509,0.0245996114394113,6,-0.03761827319509781,0.24668553653948863,0.5507179351422272,-1.0264918029280983,-1.1348738971222416,0.1768690665930744,-0.2187853783048893,0.2253921462073247,True,0.16534649797619264,True,False,0.0,True,1,0
2020-06-23,267.45447151,0.002658744294159065,0.2061311655445064,0.22699205150788343,0.1742642991882167,0.20426061295198325,0.018451409308572666,6,-0.031866866356289686,0.49491722831162016,0.5569204808038033,-0.9927899733337763,-0.9032354938924886,0.17594426082087578,-0.2190080031457253,0.22544446360882045,True,0.1653916565754171,True,False,0.0,True,1,1
2020-06-24,266.49936912,-0.003577475564239762,0.19983705721478803,0.2266641653716192,0.16459529274108353,0.19899056550966876,0.016202929545896593,6,-0.0352417644737045,0.3005375514723144,0.499262823587127,-1.1966733312927234,-1.184446785120233,0.1756060469790171,-0.2200137732220804,0.22548371183041227,True,0.16567674447199898,True,False,0.0,True,1,2
2020-06-25,268.48686529,0.007430117583368576,0.196286324586939,0.21717298131440468,0.1598172504516784,0.1952475517950519,0.01485050096018866,6,-0.0364690741352606,0.20844434054333102,0.5748223073441014,-0.8497753497422358,-1.3597480981984411,0.17540261616527147,-0.2211895574161462,0.2254825896953377,True,0.1659618323685809,True,False,0.0,True,0,3
2020-06-26,268.57297691,0.000320677935573052,0.19553095965146525,0.2115837729585093,0.15854353314738254,0.19440988107691617,0.014057669904811708,6,-0.03698742650408271,0.14413892029483535,0.5382727010027445,-0.9728793747004488,-1.394878083817603,0.17528335939381415,-0.2211894945837029,0.22548292859930946,True,0.16599649895373134,True,False,0.0,True,1,4
2020-06-29,269.97094835,0.005191682663026235,0.18559449647198706,0.20797654138163768,0.15626637575097846,0.1910138691284144,0.01488758186252038,6,-0.0293281207210086,0.5511834919245582,0.3449675363007764,-1.7391809186279785,-1.6013148969752806,0.1754081938336345,-0.2220958971602975,0.22570378993353332,True,0.16603116553888178,True,False,0.0,True,1,0
2020-06-30,273.54198776,0.013140775719761164,0.18905535116438585,0.20824619017665727,0.16117999552205825,0.18969539358296122,0.017382584454155296,6,-0.0278753556423276,0.6201886635786782,0.5578223908968052,-0.8082887175236857,-1.671609302601899,0.17578348936707525,-0.2203164530884712,0.2257100363894788,True,0.16633576858763038,True,False,0.0,True,1,1
2020-07-01,274.21069293,0.0024416329697146237,0.18918355353277555,0.20698491263994676,0.15472345111011526,0.19566499778179497,0.01580678215837813,7,-0.03446010242266029,0.1650275859699713,0.5540098075800974,-0.8046974057320753,-1.2403590345357578,0.1755464589266366,-0.2203308590416117,0.22570798496186423,True,0.16664037163637896,True,False,0.0,True,1,2
2020-07-02,275.60785785,0.005082287330512048,0.1900117803741107,0.20070526613454956,0.15599534792653286,0.191867996656313,0.016785934863959844,7,-0.03401643244757785,0.15488183641085507,0.538217594527078,-0.8502009363727999,-1.445995772048498,0.17569374199487597,-0.21894662495679357,0.2254315284386639,True,0.16671123329729853,True,False,0.0,True,0,3
2020-07-06,278.02694756,0.008738992136434347,0.16783625419546921,0.20136265584404756,0.14341555604707293,0.18991762948738197,0.020278165271052088,7,-0.024420698148396286,0.8769420957628737,0.6185387965896878,-0.45470290374937966,-1.5462323080197016,0.1762190394346148,-0.22242075399995787,0.2265310934651806,True,0.16678209495821814,True,False,0.0,True,1,0
2020-07-07,280.38183088,0.0084343132521389,0.1696294095448593,0.20209291595943263,0.14296832029768264,0.1908454572891824,0.02546328717026089,7,-0.026661089247176667,0.7004363879129636,0.6590561958703072,-0.2550895339823448,-1.4296025767953877,0.17699897974234957,-0.22201450178201007,0.22651002618867008,True,0.1669063625654208,True,False,0.0,True,1,1
2020-07-08,283.04916247,0.009468245617032448,0.16656771232157708,0.19890023529738238,0.14407362227921838,0.19114831338877677,0.034458426940917754,7,-0.022494090042358694,1.169151362739914,0.5853463729818192,-0.5795142749327867,-1.3584366363894889,0.1783520187291309,-0.222856459323087,0.22653257605357735,True,0.16703063017262346,True,False,0.0,True,1,2
2020-07-09,284.70239869,0.00582381804229357,0.14818233128559435,0.19804773659376146,0.1293075555929681,0.19215899971074377,0.04907363301538421,7,-0.018874775692626244,1.648491643764689,0.6176633035763622,-0.4095827555270255,-1.2455502515381456,0.1805504218804754,-0.2432302913252271,0.22563096818802966,True,0.16706784635341415,True,False,0.0,True,0,3
2020-07-10,290.55550527,0.020350206522464963,0.13660294446895282,0.20014326837858243,0.10360802553867687,0.19007714667325282,0.07936719570552646,7,-0.03299491893027595,-0.12875286238347963,0.9285043179385574,1.027614245420736,-1.3358155954251354,0.18510714611304102,-0.246901430593268,0.2259203310629304,True,0.16710506253420485,True,False,0.0,True,1,4
2020-07-13,296.36947976,0.019812292253733325,0.15193245828631216,0.20420178321507318,0.11263279080002879,0.20639235855590185,0.08706558655707837,7,-0.03929966748628337,-0.9972639042975066,1.1001473522655916,1.7495066442095764,-0.23861083181134674,0.18626512956001418,-0.23863306748403862,0.226446365472381,True,0.1672288240447357,True,False,0.0,True,1,0
2020-07-14,294.27065188,-0.0071069898632170735,0.14827783750645765,0.19948619058843886,0.10592912188024882,0.2165603930065874,0.07552414109782958,7,-0.04234871562620883,-1.4439224136681899,1.1144934753062479,1.7577115932194216,0.4301569141277439,0.1845290780846257,-0.23763437212266528,0.2264600594131738,True,0.16735258555526658,True,False,0.0,True,1,1
2020-07-15,289.49230388,-0.01637121600631932,0.15925520555869146,0.20153202005212267,0.12115448741957077,0.20897712353839157,0.07239104132207125,7,-0.03810071813912069,-0.8968873582570426,1.1993109395690174,2.0273451369319795,-0.057363444247843884,0.184057800677697,-0.2406652897251838,0.22672690069897927,True,0.1674644587616029,True,False,0.0,True,1,2
2020-07-16,291.03009083,0.005297954259597941,0.15735601947890132,0.19089054388634127,0.12332986969681224,0.21302678658981314,0.04664752933682127,7,-0.03402614978208908,-0.3729181100750719,1.2629698778840497,2.2245446867304457,0.2186805854350263,0.1801854900454218,-0.23949571475442483,0.22610368583268964,True,0.16757633196793922,True,False,0.0,True,0,3
2020-07-17,291.36049777,0.0011346576744749042,0.1574037960762654,0.18618700702855412,0.12465673884171215,0.20533227169601098,0.03522291073731204,7,-0.03274705723455325,-0.18512238894571573,1.0375323746990954,1.3036588756491096,-0.2649244372368274,0.17846701153720912,-0.23967949536051883,0.226086644138352,True,0.1676985097265029,True,False,0.0,True,1,4
2020-07-20,292.51791647,0.003964593270781329,0.15594687268384888,0.18607978627907665,0.12390062318016619,0.19827268393257214,0.03340777097572181,7,-0.03204624950368269,-0.10352058515529057,0.7274914254424748,0.025951461584703565,-0.7640606734595474,0.1781939802195747,-0.2421669794467995,0.22603956101313594,True,0.16782068748506662,True,False,0.0,True,1,0
2020-07-21,296.79197592,0.014505557932873414,0.15708314785892696,0.18767895771898999,0.1246811628381062,0.19360866487628145,0.04002857218680671,7,-0.03240198502082077,-0.1740435447075723,0.8654833750965697,0.6410900635055063,-1.1005724162844976,0.17918987382331272,-0.24052650079940455,0.22599548384878568,True,0.1679891264678476,True,False,0.0,True,1,1
2020-07-22,293.4686031,-0.01126081617740021,0.16181409794649812,0.18895213440733497,0.1342236842138421,0.19937770098625948,0.04352747902966119,7,-0.027590413732656027,0.55249358012964,0.7346161636677184,0.0885739738853541,-0.617504565481034,0.17971617552514305,-0.24097549530626142,0.22602667400472826,True,0.1681575654506286,True,False,0.0,True,1,2
2020-07-23,294.7444932,0.004338196850906385,0.16204837152096088,0.1891603249707179,0.1304092412738595,0.19955771939110373,0.041994706329009215,7,-0.03163913024710138,-0.1107318963513392,0.7248771779296111,0.03501136487689731,-0.582375095885109,0.1794856175488655,-0.24059779525066885,0.22598172938673525,True,0.1683345325725818,True,False,0.0,True,0,3
2020-07-24,290.24583596,-0.015380582207249634,0.16895193414225684,0.19057872109645732,0.14162197540872729,0.1945348694109703,0.05116235629055265,7,-0.027329958733529558,0.5600176731768786,0.9187682912026844,0.8691039888564541,-0.9615059278951932,0.18086460532797663,-0.242266120272521,0.22607754301216948,True,0.168511499694535,True,False,0.0,True,1,4
2020-07-27,290.91183273,0.0022919668703590334,0.16914387234140316,0.18924532923296397,0.14292170947627164,0.20108305167963406,0.04348039831930909,7,-0.026222162865131515,0.7200577146450898,0.9172487892802476,0.8333752887095589,-0.430866033001736,0.179709093696705,-0.24210606747956195,0.2260691974383609,True,0.16865318823032488,True,False,0.0,True,1,0
2020-07-28,292.89732377,0.006801875828319557,0.1698616497892176,0.1876331713294707,0.14194387202453798,0.1949185841416245,0.04724061537974263,7,-0.02791777776467963,0.43181664238657835,0.7879593249017796,0.22757253058087307,-0.900586317216022,0.180274701392777,-0.2437186850757872,0.22600135248768274,True,0.16879487676611477,True,False,0.0,True,1,1
2020-07-29,293.03201434,0.000459750224513156,0.16333975481917573,0.1876296555052296,0.14161740942664133,0.19223575335003998,0.061919602833259986,7,-0.021722345392534398,1.3735078157779272,0.6630745552858865,-0.3575681197013761,-1.079957474957748,0.18248269846869486,-0.24286290705003305,0.22605103946911995,True,0.1687973275316934,True,False,0.0,True,1,2
2020-07-30,292.62573701,-0.001387422583360715,0.16318398807695658,0.18677947616115514,0.14089509983275395,0.187904107242174,0.09688949964843976,7,-0.022288888244202637,1.2404014135458339,0.6475118558434215,-0.43685649439531155,-1.3778612557513819,0.18774283171409564,-0.24317946852257274,0.22603890032862398,True,0.16879977829727205,True,False,0.0,True,0,3
2020-07-31,288.27387902,-0.014983447352874149,0.17068188830551945,0.1888164055800774,0.15178217932446084,0.184664886697462,0.16761631629803886,7,-0.01889970898105861,1.7164891548989676,0.6270783604300899,-0.5419218749526552,-1.5732641521434514,0.19838148133797517,-0.24487803150933163,0.22615389939152797,True,0.16896650000742766,True,False,0.0,True,1,4
2020-08-03,292.72356912,0.015317716514505858,0.17642679483805718,0.18938844078577033,0.15676733162510206,0.19320178585950157,0.21657900776931358,8,-0.019659463212955114,1.5426571267478273,0.8444930205947475,0.4505725400813817,-0.9169473093966619,0.20574639529678768,-0.2155512929647794,0.2220044183110454,True,0.16913322171758327,True,False,0.0,True,1,0
2020-08-04,291.10225712,-0.005554109102399836,0.1749821879054993,0.18840798897046282,0.15676346488758766,0.19959170214661395,0.27298479595954567,8,-0.018218723017911637,1.6894508906795582,0.8358949758031853,0.3891333463371956,-0.4316612400300275,0.21423089164118866,-0.21465937438934293,0.22197544262387775,True,0.16919282270073835,True,False,0.0,True,1,1
2020-08-05,293.3547119,0.007707893142578175,0.17389017151285643,0.18772228936094462,0.15636089188665694,0.1945563219245572,0.377969653180113,8,-0.01752927962619949,1.7264883765395636,0.8879768075164577,0.6124444845873948,-0.7946919506484003,0.2300225978806489,-0.21432576876578285,0.22193392799951453,True,0.16925242368389343,True,False,0.0,True,1,2
2020-08-06,292.89175449,-0.0015793954685567853,0.17274799544515904,0.18689567886993289,0.15667436232022008,0.19214059996207072,0.5794517606619167,8,-0.016073633124938952,1.8814350314698063,0.8923647679617831,0.6106498228624722,-0.9537109981451886,0.260329313897563,-0.21299762121686608,0.22087532325362788,True,0.16966373788274863,True,False,0.0,True,0,3
2020-08-07,281.152281,-0.040906654344950395,0.2137944937998127,0.2045473779532214,0.1889665544241822,0.1874828415988086,0.9780947423503659,8,-0.024827939375630492,0.664190507179694,1.552447034856473,3.3167832181050714,-1.2647305058596732,0.32029275079609154,-0.2446928159477878,0.2245621272534874,True,0.17007505208160384,True,True,1.0,True,0,4
2020-08-10,288.06683145,0.02429605904931441,0.2195450005066651,0.21052011524987327,0.19401832293226226,0.25491525755609756,0.9498027143433023,8,-0.02552667757440283,0.575193826802092,1.6369930270171171,3.2935919865402963,3.2586249839034247,0.316037095199328,-0.23996376949788298,0.22462866701114909,True,0.17015078518764254,True,False,1.0,True,0,0
2020-08-11,289.48811944,0.0049217511056635615,0.21878941426232779,0.21032490597431108,0.18823244380268733,0.2581302778170047,0.8890345303248646,8,-0.030556970459640453,-0.11303942924217811,1.6362076022157348,3.0093124327366887,3.119951937480975,0.3068964120938731,-0.24006123639151947,0.2246265955700859,True,0.17022651829368127,True,False,1.0,True,0,1
2020-08-12,291.10226407,0.005560370390722641,0.2118522137263235,0.20090354833006321,0.18849892593605908,0.23961718260795017,0.8761388205917382,8,-0.023353287790264438,0.9108234512477645,1.7025200666327842,2.9497083879922856,1.897925450988643,0.30495665368255254,-0.24516949386928708,0.22453800476369326,True,0.17030104860744927,True,False,1.0,True,0,2
2020-08-13,283.10093311,-0.027871140201659976,0.23305661411869794,0.20848675354884746,0.20497823008654328,0.22565166945774093,0.9041488996064655,8,-0.028078384032154652,0.23624073517946584,1.894562104261123,3.2108042756645276,1.0834355068084085,0.3091698988233764,-0.2535530179000719,0.22545896530086634,True,0.17037557892121724,True,False,1.0,True,0,3
2020-08-14,288.18816258,0.017810120936230068,0.2414454155228576,0.20875189535482302,0.210675685369526,0.24523864624865252,0.8343850048261754,8,-0.030769730153331593,-0.12635116976791033,1.4183703855307015,1.6749935084344745,2.148872453136409,0.2986760908432754,-0.24938662783924634,0.22560942325452368,True,0.17065281292726658,True,False,1.0,True,0,4
2020-08-17,292.30468391,0.014183087220683413,0.24623658829400413,0.20954952030725027,0.21400592910622554,0.2416189274699228,0.7676557951495138,8,-0.03223065918777859,-0.3179410614799733,1.2449275606149173,1.1258629032388825,1.8756027797272057,0.28863875684384654,-0.24770205139478407,0.22550117990928803,True,0.17093004693331593,True,False,1.0,True,0,0
2020-08-18,299.16534227,0.02319970841874264,0.2544856178407379,0.21139844622163695,0.2223571240369153,0.23455503941680791,0.727565753100066,8,-0.03212849380382263,-0.2819697042302432,1.45001321874098,1.6752394712866507,1.4402729768126243,0.28260845700886744,-0.2420828991372277,0.22560916978477258,True,0.17093921361763062,True,False,1.0,True,0,1
2020-08-19,303.84720297,0.01552854850844914,0.257300380186345,0.21203564586095208,0.21922329089569392,0.24272260399282808,0.632326862551119,8,-0.03807708929065107,-1.123046272121362,1.524984853056153,1.804882666013671,1.830852627495726,0.26828272830914374,-0.2408613693504353,0.22562336094224564,True,0.1709483803019453,True,False,1.0,True,0,2
2020-08-20,299.30771588,-0.015052758961210604,0.262338201963456,0.21214449192180382,0.2269806632469602,0.23726147972010922,0.5567879842047334,8,-0.03535753871649577,-0.7019173103308526,1.306531553577504,1.1519035875117705,1.4968344666371503,0.2569202536810337,-0.24169176618592011,0.22567239516564067,True,0.17153758022863919,True,False,1.0,True,0,3
2020-08-21,293.71921005,-0.018847951165482667,0.2651730330013027,0.21400141331415598,0.22902058610285167,0.23276241222032962,0.4614689263794267,8,-0.03615244689845101,-0.7957385925438715,1.3112582057230848,1.1288353835432037,1.2339751545054736,0.24258246630816604,-0.24134989017066294,0.2256675386454457,True,0.17212678015533306,True,False,1.0,True,1,4
2020-08-24,294.961546,0.00422075218718097,0.2654713055227131,0.21394471231979653,0.22342151460479945,0.23470998348594918,0.26661050236915107,8,-0.04204979091791364,-1.5860948945505808,1.232245045801442,0.883293656855242,1.3044694292869574,0.21327207744142174,-0.24118989620983947,0.2256583677106327,True,0.1721539056011421,True,False,1.0,True,1,0
2020-08-25,295.7611744,0.0027072901068017083,0.2645456846334086,0.21077849071791305,0.22657677065129003,0.22251660747244015,0.17177772241930922,8,-0.037968913982118574,-0.9773045078166979,0.9808786357620193,0.18039812743289219,0.6579240972899791,0.19900743544935837,-0.24094440574309206,0.22562702582710628,True,0.17218103104695115,True,False,1.0,True,1,1
2020-08-26,298.62492256,0.009636060916430367,0.2667427829100222,0.21100830437280652,0.22981909096896802,0.21279497950343254,0.12995450192575417,8,-0.03692369194105416,-0.8085883815338893,0.8900442132442884,-0.07977658059939108,0.15905512592902163,0.19271643282757256,-0.2403610006323442,0.22552143569349467,True,0.17224089925718888,True,False,1.0,True,1,2
2020-08-27,299.52649643,0.0030145361997844125,0.2669118947737775,0.21107770327829273,0.23033360352821183,0.20926730138198418,0.11063699796386084,8,-0.03657829124556569,-0.7389334521419397,0.7386611953819976,-0.5078499559921503,-0.02173555954610676,0.18981071522293821,-0.24036936585350188,0.22552126435084743,True,0.17230076746742662,True,False,1.0,True,0,3
2020-08-28,302.39525558,0.00953207243889181,0.2637386094655419,0.21197078242004225,0.2276247961299494,0.20281800448594775,0.11581260529459075,8,-0.03611381333559249,-0.6541396017165927,0.49443976363323744,-1.186007474558578,-0.35456324451782806,0.19058922435979372,-0.24089620069342307,0.22554798513565466,True,0.17237759521452065,True,False,1.0,True,1,4
2020-08-31,306.70996613,0.01416761034750514,0.26292731370844913,0.20690271019099554,0.22470347502606453,0.20173951539788873,0.13887369513136574,8,-0.0382238386823846,-0.9262918831828231,0.6869753810627769,-0.644169124073113,-0.41392951305733366,0.19405804801594295,-0.2574454423572984,0.22051897695667141,True,0.17245442296161467,True,False,1.0,True,1,0
2020-09-01,303.42562339,-0.01076604780891523,0.2649575890184551,0.20784242961532629,0.2251917971263407,0.20591529146107998,0.16886470400649686,9,-0.03976579189211443,-1.1052270674213824,0.7709452148367758,-0.4165229419795086,-0.18158096015921185,0.19856926243790562,-0.258172232309945,0.2205148323499536,True,0.17260202581160677,True,False,1.0,True,1,1
2020-09-02,302.70407277,-0.0023808467574169367,0.26367661982481927,0.20616171191490798,0.22877457127671225,0.2050373053784314,0.2044594519986558,9,-0.03490204854810702,-0.439459605876405,0.7076029488103458,-0.5917218564899976,-0.21839522095195377,0.2039233851070335,-0.27769573423991484,0.21874552488373597,True,0.17274962866159885,True,False,1.0,True,1,2
2020-09-03,298.19335262,-0.01501356034515634,0.2689499161462146,0.20341577342199899,0.2306595190835263,0.19925478416295053,0.2862169342929058,9,-0.0382903970626883,-0.9332596249886808,0.8819279958801761,-0.1066289445512754,-0.5059444010556625,0.2162212552708816,-0.28407394567923516,0.2185264241835841,True,0.1728998086883835,True,False,1.0,True,0,3
2020-09-04,306.77484758,0.02837197261752454,0.24777489702855496,0.20474443387974914,0.20765896690643854,0.2050999183295699,0.3456377447411217,9,-0.04011593012211642,-1.2188031063561018,1.2752625639027992,0.9724289418570405,-0.18362098766394544,0.22515926793243568,-0.2939779803838575,0.21946787756231362,True,0.17304998871516816,True,False,1.0,True,1,4
2020-09-08,303.17583474,-0.011801133149913911,0.23602838738596305,0.20574488959259857,0.20274872444435021,0.23361192648290763,0.29726781100630156,9,-0.03327966294161283,-0.2717861045480565,1.239898484708355,0.8622224580462633,1.34002498671292,0.2178835159374823,-0.28996059673623614,0.21979181765301187,True,0.17340242508893136,True,False,1.0,True,1,1
2020-09-09,305.83064461,0.008718549889678906,0.2374067123687755,0.20511547314183326,0.20357232195972466,0.22653547746741934,0.25393258984749106,9,-0.03383439040905084,-0.39657819836630015,1.224339191331352,0.8113916606861996,0.9704157505889028,0.21136507984603506,-0.2895519849669162,0.21979420021882023,True,0.17375486146269456,True,False,1.0,True,1,2
2020-09-10,300.52836566,-0.01748935536047594,0.24459444180416712,0.2082226548031193,0.21246393148915374,0.21863841978085063,0.24451282926638934,9,-0.03213051031501338,-0.14545540855866204,1.3429746957548807,1.1116255964198507,0.5557915998549484,0.20994816986605308,-0.2928472149932692,0.21961273088055902,True,0.17411238528352374,True,False,1.0,True,0,3
2020-09-11,304.59297569,0.01343423503138285,0.22871988647074168,0.20927580583041203,0.19260671291465403,0.22258261000708043,0.19796396697490568,9,-0.03611317355608765,-0.7385122416382335,1.3167275858161818,1.0127535914207741,0.756656216388309,0.20294634142574933,-0.29533900048922007,0.2201530098538375,True,0.1744699091043529,True,False,1.0,True,1,4
2020-09-14,307.47092144,0.009404138925374115,0.22232943568916574,0.2101604321069079,0.19360450007822363,0.22021214749371656,0.16657159070801864,9,-0.02872493561094211,0.3701590751492509,0.9495070088898285,0.006125014327899919,0.6187457419596698,0.1982243348689012,-0.3079577545166379,0.21940580296834472,True,0.17452453245091137,True,False,1.0,True,1,0
2020-09-15,306.95567313,-0.001677168388646397,0.2166361117187341,0.2096688574992761,0.1888120046910131,0.2145433357240313,0.15924745997787115,9,-0.02782410702772098,0.4910893350421133,0.8656533711910537,-0.24083623475909138,0.30676758033627866,0.19712264721592,-0.30192395252794635,0.2188265849013,True,0.17457915579746985,True,False,1.0,True,1,1
2020-09-16,306.7240794,-0.0007547706765285801,0.20039144024174574,0.2078419065469495,0.17874823549792634,0.20649399539026372,0.18054418680779324,9,-0.021643204743819394,1.3699880559841227,0.8213200309903278,-0.3788061579747323,-0.12734260344428044,0.20032607733778593,-0.300629304073537,0.2194372602801227,True,0.174888843276782,True,False,1.0,True,1,2
2020-09-17,307.66853944,0.0030744535496652933,0.19297024781004074,0.20786598605683823,0.17343512818187007,0.20028310665154245,0.24188813131328435,9,-0.019535119628170672,1.616625428394223,0.5732774132885939,-1.069511688078996,-0.4543368855767334,0.209553365699623,-0.3012129870386901,0.2195570899934457,True,0.17519853075609415,True,False,1.0,True,0,3
2020-09-18,311.79168046,0.013312241134551856,0.19135165849043065,0.20952045574680983,0.16953334393824918,0.1959802218429661,0.3764783863264649,9,-0.021818314552181473,1.2390947433986208,0.5654476671599206,-1.098413965653073,-0.6796519396814875,0.22979828316802348,-0.3011445122227955,0.21956315963026118,True,0.17556524764277504,True,False,1.0,True,1,4
2020-09-21,303.24160973,-0.027805394361777525,0.20464830889175586,0.21659672497814528,0.18024796693681272,0.2006356347062275,0.5636383824136276,9,-0.024400341954943144,0.837388889440459,1.01723077477492,0.1431629089542868,-0.43819410463006603,0.2579506830115314,-0.30613764434410945,0.2199327824056039,True,0.17593196452945592,True,False,0.0,True,0,0
2020-09-22,306.1435644,0.009524277025337811,0.20688024033365487,0.21747344469849592,0.18226473532307427,0.22952310819981972,0.5412629411930502,9,-0.0246155050105806,0.7788977927319547,1.058348958483146,0.23749867470640387,1.0654065600263352,0.25458499386274963,-0.3053928442248383,0.21990363187871392,True,0.17682484874848564,True,False,0.0,True,0,1
2020-09-23,299.61120669,-0.02156850018407484,0.22038286157142128,0.22166491603445188,0.19536839541204973,0.22145326589827866,0.5589487246579795,9,-0.025014466159371557,0.7075779241882522,1.2468890282588918,0.750119250574326,0.613451019168078,0.25724526987289936,-0.3095728943510359,0.2203079650252343,True,0.17771773296751533,True,False,0.0,True,0,2
2020-09-24,297.06899309,-0.008521244659268795,0.21980344793801243,0.22071485636782595,0.19447656876716066,0.2310762945381036,0.5008410843976628,9,-0.025326879170851774,0.6543785788117721,1.2780804110378488,0.8128229829098048,1.089594005522484,0.2485047828202638,-0.30914956590747744,0.22030926367638484,True,0.17887749536353714,True,False,0.0,True,0,3
2020-09-25,297.34847996,0.0009403723923585195,0.21956820423121018,0.22066654318658185,0.19536043982221354,0.2220127566431718,0.47314492007060116,9,-0.024207764408996635,0.789659324378992,1.2048628967431738,0.5722624841094883,0.5844860446193954,0.24433875637995647,-0.3083612986142987,0.2202484381007103,True,0.18003725775955898,True,False,0.0,True,1,4
2020-09-28,299.31218289,0.006582334457072636,0.2182000847973413,0.22083299732597503,0.19305585728009464,0.2120934837547652,0.49658017447660496,9,-0.025144227517246653,0.6336596470732974,0.8338219853167661,-0.5572647973219242,0.036624402045437106,0.24786386145724495,-0.3087692840822906,0.2202512083981122,True,0.18006653331280711,True,False,0.0,True,1,0
2020-09-29,299.28414184,-9.368934910553203e-05,0.21232593035056505,0.22010564655032067,0.18836195471791628,0.20648550197597285,0.5770005100573757,9,-0.023963975632648765,0.8015564957796476,0.778139607162694,-0.7397855769440096,-0.2838843029807284,0.2599605994896852,-0.30908109257661875,0.22032635069692771,True,0.18009580886605525,True,False,0.0,True,0,1
2020-09-30,303.5894889,0.014282994088737703,0.21492396794364943,0.2213696772816238,0.18936108250438702,0.2002546674596163,0.7584834335063324,9,-0.02556288543926241,0.5685115269208935,0.5744318394545508,-1.349856133093322,-0.6371833395566078,0.2872590603387887,-0.3081465533543052,0.2203354813592271,True,0.18024534471816173,True,False,0.0,True,0,2
2020-10-01,287.03394136,-0.05607595203508266,0.29281691542696275,0.2486663745872998,0.24667777642469932,0.20501002130513082,0.999931386288685,10,-0.046139139002263435,-2.2432390502010335,1.662927335972002,1.869523046924106,-0.39239555562783596,0.32357739465292074,-0.36715286294038146,0.23218838484148224,True,0.1803948805702682,True,True,1.0,True,0,3
2020-10-02,298.16847996,0.03805822439230616,0.31804373319693824,0.26033807734765557,0.2672720684382366,0.3134333529765212,0.9862253823005764,10,-0.05077166475870165,-2.6846264004332947,1.8971988275814007,2.409798284098919,4.497881821999886,0.32151575267495097,-0.3446014007301553,0.233144007031531,True,0.18045845626893087,True,True,2.0,False,0,4
2020-10-05,296.78167661,-0.00466192283962538,0.3021308514115925,0.25715335019615754,0.25468674849949696,0.32836301168094534,0.6577613605786077,10,-0.047444102912095554,-2.127192871368444,1.9164056521908208,2.3068969597965796,4.2503975430183445,0.2721085574032804,-0.3419572156874863,0.2337349118143371,True,0.1805220319675935,True,False,2.0,False,0,0
2020-10-06,296.8552364,0.0002478275483360907,0.2992140776736239,0.2539281205233528,0.25202466266967044,0.2975548030731244,0.47661205044730587,10,-0.04718941500395346,-2.024363621385492,1.9407571897763256,2.2327556162312514,2.812912871535158,0.24486027830085408,-0.34204087892631435,0.23376135527547554,True,0.1814866990959544,True,False,2.0,False,0,1
2020-10-07,303.65535023,0.022648741468450223,0.30827692784239225,0.2577242836255743,0.2581457188630709,0.27263117933924885,0.39536127826543893,10,-0.05013120897932133,-2.3019607574751046,1.9725194093026364,2.18302336316264,1.8430798123552983,0.2326386269123147,-0.33667195512028,0.23391348611756269,True,0.18245136622431532,True,False,2.0,False,0,2
2020-10-08,304.31512028,0.0021704024816923285,0.3020595326250081,0.25556979651481654,0.2534574093651259,0.2714561401502055,0.2316033058249946,10,-0.048602123259882224,-2.0341737405030815,1.2385198055236784,0.33796612015762945,1.7230115168472553,0.20800633361199575,-0.33676059085605403,0.23400818409126642,True,0.18267641194943293,True,False,2.0,False,0,3
2020-10-09,308.21950232,0.012748454618412485,0.30168480405144266,0.2566722247323864,0.2556772166794864,0.25274000782061046,0.153832933348056,10,-0.04600758737195626,-1.6689918331872118,0.7328298444215524,-0.9039716957362492,1.0653141995412014,0.1963082001020459,-0.34023065562133387,0.23386810788089238,True,0.18290145767455054,True,False,2.0,False,0,4
2020-10-12,306.64924082,-0.005107642667701147,0.300379948270006,0.25687505391633475,0.25440305068388114,0.24444236398312894,0.09851551055919772,10,-0.04597689758612489,-1.6040059616256321,0.7345187762292623,-0.881350077095158,0.7668033393441053,0.18798741447893091,-0.33932603851061666,0.2329033201367491,True,0.18312837785033417,True,False,2.0,False,0,0
2020-10-13,304.81119161,-0.0060120153284377795,0.3010782114292908,0.2570419886015664,0.2531464979463257,0.23292072203694444,0.0675149790135135,10,-0.0479317134829651,-1.7443205456087916,0.7525570219146899,-0.8384289557400403,0.3687998114916849,0.1833243487721496,-0.3404746404102075,0.23141477271344585,True,0.1833552980261178,True,False,2.0,False,0,1
2020-10-14,305.50508683,0.0022738882887399004,0.3011744687072135,0.2553596937726701,0.2529280679169809,0.2246121529317213,0.049282608218403585,10,-0.04824640079023257,-1.7054330905185073,0.4258541127762228,-1.5989708239541436,0.07694011164646784,0.18058185569964497,-0.340554080064032,0.2314135180892021,True,0.1833782791530038,True,False,2.0,False,0,2
2020-10-15,308.82702451,0.0108148996186403,0.30341503579113915,0.25527872749085095,0.25819580813815507,0.217021238184241,0.04509029419332125,10,-0.045219227652984084,-1.336696238274218,0.5179589203192584,-1.352789646512123,-0.18720187531611143,0.17995125245551635,-0.33977152104514635,0.23140396858736084,True,0.18340126027988984,True,False,2.0,False,0,3
2020-10-16,306.90924052,-0.006229258532702014,0.3005273555884012,0.25544306663352256,0.2541434868932934,0.21613837339398403,0.04546135498674125,10,-0.0463838686951078,-1.4076968661127631,0.4151812367014534,-1.5639985435054173,-0.227161192682301,0.18000706701012736,-0.33908106138637134,0.23143258384299686,True,0.18389998284944697,True,False,2.0,False,0,4
2020-10-19,308.65292622,0.0056653591076031495,0.284569044905326,0.25375658223429715,0.24553157885882926,0.21201772700958785,0.051170139783113244,10,-0.039037466046496716,-0.6359230027611493,0.42352921921658215,-1.496641574170222,-0.37839338743309126,0.18086577611232868,-0.34371212694144504,0.2317769630282951,True,0.1843987054190041,True,False,2.0,False,0,0
2020-10-20,314.68436862,0.01935270260143206,0.29078447930880535,0.2567943803274892,0.2500367111869273,0.20857774496951942,0.07021664150975153,10,-0.04074776812187808,-0.784796923204967,0.658620916018718,-0.9328940013487086,-0.5007050873678296,0.18373072986012995,-0.3404520843038297,0.23184378588538837,True,0.18453179605823306,True,False,2.0,False,0,1
2020-10-21,319.65362829,0.015667865866829438,0.28598455263674233,0.25841838768387765,0.24002463559738824,0.22088863825735738,0.07217845409368408,10,-0.04595991703935409,-1.2708058756130607,0.7808415223351245,-0.6496623886828085,-0.09735240887612742,0.18402582354166203,-0.34123970374795487,0.2319080378536444,True,0.184664886697462,True,False,2.0,False,0,2
2020-10-22,315.3612891,-0.01351906686418627,0.2884009347797982,0.2598976510999943,0.24455882764219616,0.22409735161479175,0.07028404660587582,10,-0.04384210713760206,-1.0230769527136996,0.8073980199830286,-0.5963461622210657,-0.005571907772627176,0.18374086886022212,-0.3442031984392935,0.23174093581460659,True,0.18491734492353729,True,False,2.0,False,0,3
2020-10-23,312.95165231,-0.007670217959464016,0.28966401790274116,0.2603570619672184,0.24328044530618934,0.22379495705701313,0.057738949678329064,10,-0.04638357259655182,-1.2373209363674647,0.8151592697094444,-0.5878247932189719,-0.037287192495059934,0.1818538492397719,-0.344663606437237,0.23156666399965298,True,0.1851698031496126,True,False,2.0,False,0,4
2020-10-26,309.03720094,-0.012587052103006813,0.2921567872986549,0.2598236065058087,0.24873338621160168,0.218332356717399,0.05034166355917733,10,-0.043423401087053226,-0.9095552755969676,0.8726605640845737,-0.46646734001503154,-0.25315298724652596,0.18074115763399626,-0.3444299915824115,0.2315496621744951,True,0.18519559777862543,True,False,2.0,False,0,0
2020-10-27,309.5896693,0.0017861122219255756,0.29222538261807224,0.2579462135403767,0.24288694977855774,0.21851611923288647,0.03490470325816488,10,-0.0493384328395145,-1.4663576153959597,0.7009858238522257,-0.8613303819863151,-0.2645422584373214,0.17841914711974047,-0.34435164102611554,0.23153144494066358,True,0.18522139240763824,True,False,2.0,False,0,1
2020-10-28,306.64469029,-0.009558056555495199,0.2897866733668333,0.25843835630966955,0.24421233991042243,0.21188375366509207,0.02975311742145613,10,-0.04557433345641085,-1.0512583689982158,0.6109077947913946,-1.0560772950985688,-0.5143605013650404,0.1776442512694775,-0.3432766002928876,0.23153549733976928,True,0.18593023167874645,True,False,2.0,False,0,2
2020-10-29,305.92385309,-0.002353491835360722,0.21077298285942928,0.2580002300424456,0.17923957680768798,0.21077784428594598,0.021912973806947688,10,-0.03153340605174129,0.44901381687596953,0.49019128157947156,-1.3039344541669395,-0.5692275483666918,0.17646494552850403,-0.32049498506417545,0.24486760972750332,True,0.18663907094985469,True,False,2.0,False,0,3
2020-10-30,305.0681423,-0.0028010558434235304,0.16209228983742927,0.258043784427916,0.1454012148976326,0.2060370845888825,0.018129207155282993,10,-0.016691074939796657,2.0474468009272595,0.44901488540604484,-1.3609730934155615,-0.7579832379124869,0.1758957955289358,-0.30832758973894775,0.2493509618487524,True,0.18706095627433164,True,False,2.0,False,0,4
2020-11-02,308.03076003,0.009664479183632843,0.16485428476286912,0.2448485151931577,0.1498606474824017,0.20251015821347512,0.016486061597485748,11,-0.014993637280467431,2.148164848344326,0.4114110608113465,-1.3948494172906516,-0.9076466814406583,0.1756486353894226,-0.3077770294586486,0.24936364605161507,True,0.1874828415988086,True,False,2.0,False,0,0
2020-11-03,309.26291622,0.003992128459504413,0.16545987024376899,0.23987179394500205,0.1528675610801438,0.20372595203812877,0.014358449006133886,11,-0.012592309163625193,2.288403287746754,0.4330366666219364,-1.3028934019586043,-0.8333097574488115,0.17532860225394462,-0.30789738445706644,0.24936345476929853,True,0.18748909706107753,True,False,2.0,False,0,1
2020-11-04,310.7978821,0.004951027446557534,0.14567931618026778,0.2398743243731631,0.1346308862037491,0.2009248786998275,0.013985690677041761,11,-0.01104842997651867,2.3027527577346336,0.3591200283954651,-1.4208781459823099,-0.907650475022409,0.17527253235789314,-0.3097420886947847,0.25010520946085424,True,0.18749535252334648,True,False,2.0,False,0,2
2020-11-05,311.31347515,0.0016575590914415699,0.14559439391125226,0.23962757892857778,0.13418983044484628,0.19912892650151398,0.014925782699527042,11,-0.011404563466405976,2.1791246730606573,0.3560657742964571,-1.385293926379686,-0.9450776308884243,0.1754139399613341,-0.308621472447317,0.24999138173701296,True,0.18769972988276024,True,False,2.0,False,0,3
2020-11-06,315.78318612,0.014255495013880681,0.14734482576372127,0.23454708492616697,0.1380922939912028,0.19664068334562848,0.018110479431651293,11,-0.009252531772518474,2.2526945375044134,0.5579673371183216,-0.9065795622100956,-1.011290838409456,0.17589297852543684,-0.31350218731027557,0.2497954233551799,True,0.187904107242174,True,False,2.0,False,0,4
2020-11-09,316.03828668,0.0008075084018003327,0.14625322146003109,0.23169555893024166,0.13447502050339244,0.20403153112581243,0.01582894734549689,11,-0.011778200956638646,1.9354498403055773,0.48162189689123086,-1.0497002183669508,-0.7116563759551774,0.17554979298959567,-0.31174416469780786,0.2496182134735702,True,0.18833314947513083,True,False,2.0,False,0,0
2020-11-10,316.11323546,0.00023712283440345655,0.1446903407762423,0.22986560494632344,0.1313013811297249,0.19991331728876247,0.016040484994568418,11,-0.013388959646517401,1.7237841939074952,0.4695950969468005,-1.0426359653827346,-0.8374449718424588,0.17558161224906949,-0.3117047123149082,0.2496184227858074,True,0.18876219170808767,True,False,2.0,False,0,1
2020-11-11,313.98532173,-0.0067542507289178755,0.14644096535612502,0.2253203247657782,0.13567478533245156,0.1967074997355321,0.01874694620429995,11,-0.010766180023673466,1.8570440986832628,0.500459668621584,-0.9392929898118576,-0.927802100183393,0.1759887151542321,-0.3119939010045254,0.2496246474397872,True,0.18922879264552445,True,False,2.0,False,0,2
2020-11-12,315.0930414,0.0035217260036338855,0.14187144405413202,0.2231783346130858,0.13528276146575807,0.1963734714580209,0.020389907277800278,11,-0.006588682588373945,2.075982237467944,0.5148400782892648,-0.8766773469697575,-0.9097653392382562,0.17623584754382116,-0.3123420034927333,0.24964599552374023,True,0.18969539358296122,True,False,1.0,True,0,3
2020-11-13,318.37282871,0.010355148626288998,0.14487811151858454,0.22205240812413873,0.1338553858361207,0.1944039302132741,0.026509561350658854,11,-0.011022725682463846,1.6555264952741167,0.41187108793895566,-1.083883060264717,-0.9514967048627899,0.17715635914867728,-0.31149328837989365,0.24966204637355432,True,0.189723434659321,True,False,0.0,True,0,4
2020-11-16,322.85737365,0.013987544693153938,0.1518237847556333,0.22053792815757706,0.13553122890493832,0.1973408248959109,0.03458407446068158,11,-0.016292555850694973,1.210870974049546,0.6115909240984317,-0.5871272763295202,-0.8187630706614395,0.17837091849024272,-0.30869697225665577,0.24966735452338865,True,0.1897514757356808,True,False,0.0,True,0,0
2020-11-17,320.80918974,-0.006364136152138331,0.13726524785216648,0.22075385652752147,0.1315464488932436,0.20342093268822836,0.040113332802142486,11,-0.005718798958922883,1.9127404089174194,0.644315328617156,-0.4881275942860231,-0.5773044257473183,0.1792026234214309,-0.3061754130369737,0.25008790550923077,True,0.18983455261153137,True,False,0.0,True,0,1
2020-11-18,321.06181172,0.000787142564374825,0.12552482496551193,0.22069001767476806,0.12215942272260628,0.20056506354789055,0.05019459143140815,11,-0.0033654022429056435,1.9773784347022814,0.607301569346233,-0.5608363673145716,-0.6658128055171881,0.18071903520701746,-0.30794891775376343,0.2502755168857304,True,0.18991762948738197,True,False,0.0,True,0,2
2020-11-19,321.77964081,0.002233301494577497,0.11626041786817616,0.2198523289772652,0.11281253434653626,0.1964775449530993,0.07611346972481758,11,-0.0034478835216398968,1.875052937443686,0.6032407466589867,-0.5576798898231444,-0.80059283115971,0.18461772424562728,-0.30860923187318373,0.2503321821250063,True,0.1899973880803174,True,False,0.0,True,0,3
2020-11-20,330.69982513,0.02734412523747727,0.14898400392405595,0.2267977608664609,0.13317184588718228,0.1935357087798194,0.13163989869700626,11,-0.015812158036873664,0.9878997090643946,0.9846368303010636,0.3418864224686328,-0.8923374152978776,0.19296994834793596,-0.28814031421993697,0.2524602506686655,True,0.19007714667325282,True,False,0.0,True,0,4
2020-11-23,327.69782867,-0.009119161486243737,0.1457661526809456,0.2267264406266159,0.13069959089449062,0.22453720552779938,0.11187575431855773,11,-0.015066561786454963,1.0075807207516674,0.9272682817326942,0.18901541964479088,0.21127820963727764,0.1899970475852763,-0.2878766919431963,0.2524642960832613,True,0.19024314240375087,True,False,0.0,True,0,0
2020-11-24,331.95705035,0.012913664418326311,0.15267214928920944,0.22641169000598474,0.1356686868163912,0.2178997448440436,0.09937770669934483,11,-0.017003462472818254,0.8483196708034962,0.9931543083985092,0.3348133829046543,-0.03808730102213747,0.18811710506980722,-0.28586668542601074,0.2525603816907044,True,0.19040913813424892,True,False,0.0,True,0,1
2020-11-25,333.14053173,0.003558824031165881,0.1493896778194793,0.22545206726091946,0.12955979508473925,0.21658039582180602,0.09369869983484427,11,-0.01982988273474004,0.6339038312937676,1.003351447517259,0.34972446151852393,-0.09245771012327009,0.18726287513122042,-0.28804561613982443,0.25249177478271784,True,0.19062729771171566,True,False,0.0,True,0,2
2020-11-27,341.80962005,0.025689497382371123,0.17482236376805055,0.23146623593739035,0.13858901594972703,0.20884965337170366,0.10950746486232851,11,-0.03623334781832352,-0.4811444416782602,1.2534784364043474,0.9214274162732479,-0.37554678988763474,0.189640812101675,-0.2737926553039623,0.25377685437360425,True,0.1908454572891824,True,False,0.0,True,0,4
2020-11-30,343.90709997,0.006117647128558515,0.1758850846422133,0.2297544266169026,0.13678995427448534,0.23081800132623517,0.06887839391510762,11,-0.039095130367727965,-0.6745491452799468,0.95736735712019,0.21331795346711233,0.4042368276169313,0.1835294321353935,-0.2756517210055686,0.253707337940756,True,0.1909296632087984,True,False,0.0,True,0,0
2020-12-01,348.62491683,0.013625044707465752,0.17915854162028416,0.22402214891603767,0.14008442879780583,0.22076369056051712,0.049713330183116966,12,-0.03907411282247833,-0.6748755764061393,1.0329461407552962,0.40554335388675217,0.02860563895936895,0.18064664442173034,-0.2746181582634827,0.2537269875265844,True,0.1910138691284144,True,False,0.0,True,1,1
2020-12-02,348.95888511,0.0009575001729873148,0.17862958172990992,0.22272147060709777,0.14088572978866673,0.2195619264553278,0.031749619281053285,12,-0.03774385194124319,-0.5779965439510311,0.9544484828132013,0.23036106527433223,-0.006736238905562244,0.1779445628735316,-0.27451397976756764,0.2537167937682697,True,0.19108109125859557,True,False,0.0,True,1,2
2020-12-03,349.13573017,0.0005066507029623464,0.17777205108845562,0.22200602810951664,0.14243341024703113,0.21067973214739363,0.02379123808379745,12,-0.03533864084142449,-0.41269837132159115,0.950875378174359,0.23419912939646936,-0.32193860809565583,0.17674747196598603,-0.27545079342788736,0.253707273144931,True,0.19114831338877677,True,False,0.0,True,0,3
2020-12-04,352.56707906,0.009780141096381109,0.18103449460120188,0.22000846727912987,0.14162487263935616,0.20390841355346467,0.02162212315153975,12,-0.03940962196184572,-0.6782672740210928,0.5771352991411571,-0.647543333200967,-0.5591155548161121,0.17642119609423934,-0.27475931862634834,0.25364460678620027,True,0.19150815502254487,True,False,0.0,True,1,4
2020-12-07,351.83860158,-0.002068347146331925,0.17397364929934744,0.2183201390354931,0.1424344674941152,0.20318679226966088,0.0203546250398324,12,-0.03153918180523224,-0.1514689573115088,0.5506416604427649,-0.6864272831754862,-0.5720995620179922,0.17623054042856462,-0.27535759609875665,0.2537447849018501,True,0.191867996656313,True,False,0.0,True,1,0
2020-12-08,350.11152627,-0.004920801995664948,0.17482481132135683,0.21770150264653393,0.14481547312648035,0.19833553344405044,0.02232852160699254,12,-0.030009338194876473,-0.04640697001770874,0.36505546963994123,-1.109190730610081,-0.7319293765672418,0.17652745176950388,-0.27478580252744994,0.2537006405171391,True,0.19200429830919186,True,False,0.0,True,1,1
2020-12-09,351.53873379,0.004068150671579744,0.17541816980835767,0.21783397225893525,0.14548220059459563,0.1955776264683183,0.026143739169311696,12,-0.029935969213762043,-0.03905705982181193,0.38692098521248447,-1.0269383839346595,-0.8157792833173764,0.17710133258030683,-0.27469652638872666,0.25369694438254037,True,0.19214059996207072,True,False,0.0,True,1,2
2020-12-10,357.73128476,0.01746220244576061,0.18449613221391412,0.22074860493134132,0.14350384518927894,0.19305834881272765,0.036750015866202725,12,-0.04099228702463517,-0.7640170106003862,0.6788917826717038,-0.31412254289260877,-0.8936059160197749,0.17869671700360365,-0.2714770618780054,0.2538538183944748,True,0.19214979983640723,True,False,0.0,True,0,3
2020-12-11,353.02116007,-0.013254104651673556,0.18998949675287818,0.22232423728911108,0.15520697110765613,0.20466150689211343,0.03694957343751561,12,-0.03478252564522205,-0.32841266164495553,0.7321051962238647,-0.19229232863669182,-0.48135686943117517,0.17872673423301622,-0.2722212527763894,0.25391071455573294,True,0.19215899971074377,True,False,0.0,True,1,4
2020-12-14,352.93792012,-0.0002358208930844729,0.1864017781098601,0.22064449652224602,0.15628814467038027,0.20691159486284263,0.0268418422677088,12,-0.030113633439479842,-0.0026797000418978187,0.7347097909061296,-0.1933486238669288,-0.40881662701550986,0.17720634047712744,-0.27227842481574827,0.2539376922822247,True,0.19218076706996728,True,False,0.0,True,1,0
2020-12-15,354.65055816,0.004840783695467606,0.18048732175303456,0.2133898437519444,0.1505752401289297,0.20048826525890456,0.02354078184617839,12,-0.029912081624104858,0.017276650293194595,0.7591186180695906,-0.12378366531104926,-0.6400143467407684,0.17670979861541877,-0.2733371157865817,0.2539931827029474,True,0.19220253442919083,True,False,0.0,True,1,1
2020-12-16,356.02790547,0.0038761524514677927,0.17959580913058815,0.21264368971911707,0.14604856181098147,0.19671396465155197,0.02523836206987512,12,-0.03354724731960668,-0.2200612772814305,0.7606656211346169,-0.10825893967029772,-0.7535972864167806,0.17696514675723907,-0.27336999278134827,0.2539887965208872,True,0.19221914388961542,True,False,0.0,True,1,2
2020-12-17,360.2640099,0.011828009574150405,0.1844169476820037,0.20940650787547724,0.1499980608545011,0.1934173748879905,0.033115858758631794,12,-0.034418886827502604,-0.2688669605559926,0.6379398791155999,-0.38677926277929775,-0.8499194491097919,0.17815007110637454,-0.2724544207974212,0.2539132602512357,True,0.19223575335003998,True,False,0.0,True,0,3
2020-12-18,363.40937352,0.008692826069645195,0.18681244128855765,0.20943612563654115,0.14762475362436378,0.19687123197426623,0.04232032655178442,12,-0.039187687664193865,-0.5769105861772879,0.5402114279418812,-0.6029556493420926,-0.704847882833732,0.1795345969830413,-0.27205872577439555,0.2539226376447357,True,0.19249498465795062,True,False,0.0,True,1,4
2020-12-21,358.01321323,-0.014960055392190655,0.1682194231698777,0.2116595151215028,0.14550162549472878,0.19622451165524027,0.06011270057980918,12,-0.02271779767514892,0.5407602556302846,0.733107793747435,-0.10437824784431211,-0.7096883828845152,0.18221090622793426,-0.26582243369244074,0.2546094161167303,True,0.1927542159658613,True,False,0.0,True,1,0
2020-12-22,352.2835468,-0.01613351216908567,0.17472729123179134,0.21380129866558767,0.1557687440334819,0.2026008639151415,0.061975008016084125,12,-0.018958547198309444,0.7858850109745134,0.8876298468612204,0.2814176583872028,-0.4772248079419203,0.18249103245508555,-0.2669090868349979,0.25466639093271354,True,0.19290628238929447,True,False,0.0,True,1,1
2020-12-23,355.82267862,0.00999613098387806,0.17230043852531032,0.2147804309295733,0.1502896020774264,0.2087046228730491,0.04337386007196861,12,-0.02201083644788393,0.5765213573494155,0.9345987896213882,0.39228524164220435,-0.2626795007122811,0.17969306833123982,-0.26734997022167,0.2546731295981432,True,0.19305834881272765,True,False,0.0,True,1,2
2020-12-24,356.45482051,0.001774988138022299,0.17195219272088746,0.21280754097035254,0.15061191747179253,0.20588524834946234,0.03197716359618592,12,-0.02134027524909493,0.6156618409953385,0.8588102070461732,0.19072139873447694,-0.3663688031482847,0.17797878983803067,-0.2668770047935567,0.2546106260338313,True,0.1931300673361146,True,False,0.0,True,0,3
2020-12-28,357.32013556,0.0024246170772924645,0.1460351176375072,0.17917809088567943,0.13455036293235606,0.1993026233473088,0.029398631080364224,12,-0.011484754705151146,1.2366760133092887,0.9648823345516863,0.5072171446378928,-0.59534438676367,0.1775909298256748,-0.2660650650265229,0.2559305150779739,True,0.19320178585950157,True,False,0.0,True,1,0
2020-12-29,355.72573702,-0.004472085902416118,0.14528140728292224,0.1615716154181029,0.13407819174055474,0.19443360018163217,0.034283932600961915,12,-0.0112032155423675,1.2165380369031602,0.8668818513006907,0.3201913110238099,-0.7778739390089398,0.17832577148329007,-0.2659365520076616,0.2558293706385977,True,0.1932709102012577,True,False,0.0,True,1,1
2020-12-30,355.12258643,-0.0016969885553567321,0.1371272590725532,0.16132638079468523,0.1297386296870187,0.19140396907727986,0.04505651677258651,12,-0.007388629385534501,1.4223463907562655,0.5052649329346328,-0.7066237779201695,-0.9931170368898593,0.1799461716932056,-0.2644326722306498,0.25587571776001555,True,0.19320178585950157,False,False,0.0,True,0,2
2020-12-31,352.10271092,-0.008540118334279269,0.1403969267629713,0.16227219229284126,0.13406949737165122,0.1882097261782463,0.06900735057243006,12,-0.006327429391320083,1.4412829577760637,0.44796019314595054,-0.9253939774942532,-1.2480583185933947,0.18354882965332106,-0.26480582974974337,0.2558957823052132,True,0.1931300673361146,False,False,0.0,True,0,3
2021-01-04,355.72519212,0.010235575090385326,0.1450107818609983,0.15690070338368461,0.13402265923658851,0.18920451785867395,0.100139173067594,1,-0.01098812262440979,1.0958745452878693,0.6501401414498797,-0.14999604191658106,-1.242505670996545,0.18823164399967743,-0.26435337366290435,0.2559373997133743,True,0.19305834881272765,False,False,0.0,True,0,0
2021-01-05,364.18592207,0.0235060116414894,0.16366072464427567,0.1640691404713136,0.14818846936610058,0.19136438039755235,0.1526215477113433,1,-0.015472255278175084,0.7661524794187197,1.1874581165207494,2.2795361183731,-1.1846234238989428,0.19612598481286872,-0.25512391000150614,0.2566148093296897,True,0.19290628238929447,False,False,0.0,True,0,1
2021-01-06,365.31297636,0.0030899434917901745,0.16386345198360996,0.16209931032740243,0.1484373153121909,0.21337469653116997,0.15644122590832535,1,-0.015426136671419066,0.7422184311011543,1.1935189781199484,2.1782895369439723,0.5553603532887254,0.19670053658740974,-0.25626440214179447,0.2552907013951825,True,0.19305834881272765,True,False,0.0,True,0,2
2021-01-07,369.8578819,0.012364373233848288,0.16873763704082273,0.1637336349024489,0.14826779694207942,0.2046952137612823,0.1928206792142992,1,-0.020469840098743308,0.3700692470456311,1.2954482856599336,2.443622431893416,-0.11752064682887131,0.20217269376292624,-0.2545445332428561,0.25525115625156947,True,0.1931300673361146,True,False,0.0,True,0,3
2021-01-08,367.62177684,-0.006064199564382329,0.1694910645185822,0.16374171731164613,0.15408241113217083,0.20475327866391638,0.2507468138084485,1,-0.01540865338641137,0.6988298937508254,1.268876934128548,2.2020114234057417,-0.07360178805460484,0.21088587893377803,-0.2545317689252699,0.2552516769891082,True,0.19320178585950157,True,False,0.0,True,0,4
2021-01-11,356.69141524,-0.030183604410538363,0.19069439257533766,0.17497440812492634,0.16958487243968995,0.19942069410470528,0.3536524216405672,1,-0.021109520135647708,0.26598731904072853,1.6544683530875859,3.3104975714944214,-0.5582335436860699,0.226364826777311,-0.26233398328078383,0.25608552319138045,True,0.1932709102012577,True,False,0.0,True,0,0
2021-01-12,360.72825014,0.011253880260279467,0.1890679265441297,0.17509063972898248,0.1711994211524531,0.23341433551198798,0.23704273573491427,1,-0.017868505391676615,0.47770555831840067,1.4260002327049113,2.3333901765680167,2.6177856306381213,0.20882452664975087,-0.2673756251501928,0.2556748718545606,True,0.19334003454301385,True,False,0.0,True,0,1
2021-01-13,361.86986421,0.0031597508965327935,0.18939846585189501,0.17474464125952507,0.16705030043169392,0.2250075814973752,0.16444238465096167,1,-0.0223481654202011,0.1177820426638149,1.4290757090873265,2.2118531151117713,1.7840731527664928,0.19790406204607225,-0.2673420354404349,0.2556734325639651,True,0.19335676926475864,True,False,0.0,True,0,2
2021-01-14,366.53916026,0.012820708834925938,0.19402986872881542,0.17632708705700856,0.17217927647356407,0.21375029854566682,0.13568014965298736,1,-0.02185059225525135,0.1353841706875972,1.4228126172707094,2.0774615520099533,0.7492635803488953,0.19357767843320442,-0.2665240438933808,0.2556388659168979,True,0.19337350398650346,True,False,0.0,True,0,3
2021-01-15,360.37829871,-0.016951055430612986,0.20267891567937818,0.1752856200473538,0.18415555283859916,0.21209647133514217,0.11840869993887568,1,-0.018523362840779017,0.3681023185868613,1.5682910778652481,2.375519282542947,0.5913387136176992,0.19097972604811106,-0.26800052268928787,0.2557662901077967,True,0.19339543943724696,True,False,0.0,True,0,4
2021-01-19,363.44488958,0.008473365505538344,0.2005508261726241,0.17319230752114,0.17646491200048475,0.21626926928436066,0.07023305140999295,1,-0.024085914172139344,-0.09721715844033309,1.0531855689037921,0.7796894033919693,0.987261072165503,0.18373319821919518,-0.2681742282420642,0.25577797664730634,True,0.1934173748879905,True,False,0.0,True,0,1
2021-01-20,364.2645926,0.0022528313475522156,0.19832412909418023,0.17102420215088351,0.17655794706686864,0.20993170408950781,0.04303278594631821,1,-0.021766182027311592,0.060931953565120024,0.9633346527842365,0.4969339413016289,0.4365172482323643,0.17964176433806645,-0.2646087188167024,0.2553338624723092,True,0.19347654183390495,True,False,0.0,True,0,2
2021-01-21,364.92509084,0.0018115956263221016,0.1911907184209039,0.17034073555391938,0.16991060847968326,0.20214540110946724,0.030868576406921217,1,-0.02128010994122065,0.06882781502093219,0.9611629226564505,0.4819728631391345,-0.2700748168534461,0.17781203737775048,-0.2645391740056726,0.2554334744148512,True,0.1935357087798194,True,False,0.0,True,0,3
2021-01-22,362.75645246,-0.0059604227160438466,0.18363515391464252,0.16881870682466685,0.1612675910453079,0.19615628016451747,0.02735089446584893,1,-0.022367562869334612,-0.055268490560490664,0.8442245595722035,0.12858933503966619,-0.8208260548278801,0.1772829115463883,-0.2617492145864637,0.2553946544419131,True,0.19357218682805044,True,False,0.0,True,0,4
2021-01-25,363.15369866,0.0010944777092360396,0.1802163640268274,0.16879392183730124,0.16091266737375406,0.19316417040956133,0.02583189272654392,1,-0.019303696653073327,0.17874040379668926,0.45470294718499177,-1.0324890576974057,-1.078128992619738,0.17705442498290289,-0.2602239861109774,0.2552899910596362,True,0.1935357087798194,False,False,0.0,True,0,0
2021-01-26,362.23514206,-0.0025325922854245423,0.18033041123741517,0.16773380660795478,0.15982490241348277,0.18917894700879836,0.030582852544593093,1,-0.0205055088239324,0.030335645263110354,0.3037246425280617,-1.4485793305223846,-1.414381650198797,0.17776905911003696,-0.24334991282074359,0.2524740737864808,True,0.19347654183390495,False,False,0.0,True,0,1
2021-01-27,356.0610041,-0.017191488649167887,0.19018117807367976,0.17132619467976076,0.1680825402206974,0.18636935488478795,0.042194997458599844,1,-0.022098637852982356,-0.14035734921059426,0.766273922480301,-0.0923738436396729,-1.6162742012397637,0.17951574511930374,-0.24570869804082357,0.2526676192654601,True,0.1934173748879905,False,False,0.0,True,0,2
2021-01-28,357.76825791,0.004783376519067541,0.1902765956178278,0.171510381747593,0.17187438729524146,0.19826401235570854,0.03141312747777952,1,-0.01840220832258635,0.22368142716155617,0.7870801459166815,-0.04755420979725496,-0.47182281935820725,0.17789394814822768,-0.24537975198832568,0.25264826342532887,True,0.19347654183390495,True,False,0.0,True,0,3
2021-01-29,355.51104751,-0.006329127784195902,0.19150359462198457,0.17085597733120103,0.170166292807227,0.19373444304983936,0.0286507513468062,1,-0.02133730181475757,-0.05306534159861175,0.7950301762471345,-0.04338937251490268,-0.8822756094720603,0.17747843458238477,-0.24597982831104873,0.25265038694214786,True,0.1935357087798194,True,False,0.0,True,0,4
2021-02-01,354.4342478,-0.0030334746714613427,0.18939537462836728,0.1707731755322532,0.16878408054760657,0.1911302975453739,0.027700711902339303,2,-0.020611294080760706,0.0313755481272008,0.8040638307469538,-0.03510235835182558,-1.0966822785744657,0.17733553069871894,-0.2460279177077196,0.2526436824747302,True,0.19347654183390495,False,False,0.0,True,0,0
2021-02-02,352.36594623,-0.005852594527385178,0.18703510321069405,0.17089290880272506,0.1700104429361876,0.1875923104875117,0.03169654886798472,2,-0.017024660274506442,0.3974628163382038,0.8328603714045489,0.029853711197388038,-1.3833180314601188,0.17793658008062818,-0.24622103867913725,0.2525919466642004,True,0.1934173748879905,False,False,0.0,True,0,1
2021-02-03,356.40454496,0.01139619238926458,0.17221097995146684,0.1724480043785629,0.154155758485198,0.18612108066488156,0.03905349318842651,2,-0.01805522146626884,0.308361759986236,0.632788013871263,-0.621866398960501,-1.4716352378611182,0.1790432035176101,-0.2501253498056283,0.25294013006185606,True,0.19339543943724696,False,False,0.0,True,0,2
2021-02-04,355.30860314,-0.003079731459656463,0.17220867502500242,0.17007242506295575,0.15374421125070659,0.18968432987852624,0.04951410841697158,2,-0.018464463774295836,0.2861042346821962,0.6231717977373319,-0.6577275409322463,-1.1298129698321302,0.18061667770376014,-0.25152541662911393,0.25288472584975763,True,0.19337350398650346,False,False,0.0,True,0,3
2021-02-05,362.44028936,0.01987302525146177,0.18084738395765224,0.17487317413103987,0.16122574007632212,0.18621225235954264,0.07252657961471828,2,-0.019621643881330114,0.1837190345991791,0.9758027074143152,0.44656621568407395,-1.390252602082943,0.1840781881979389,-0.24779915072276498,0.2530351002275623,True,0.19335676926475864,False,False,0.0,True,0,4
2021-02-08,366.35033868,0.010730343356512378,0.18355703408462892,0.1762497659691133,0.16544145960391032,0.2021660623071804,0.07601341612248837,2,-0.0181155744807186,0.3468926130958215,1.0532119178264336,0.6703451697753571,0.00931074091220202,0.1846026742933007,-0.24587633112993515,0.2529569575444021,True,0.19337350398650346,True,False,0.0,True,1,0
2021-02-09,371.57186051,0.014152193780419604,0.1572817245999603,0.17808304715750722,0.142630854849983,0.20039530456766694,0.08925113344680181,2,-0.014650869749977286,0.7126782131619187,1.162065463242202,0.9908656303673958,-0.15210972479335252,0.1865938771086494,-0.250022350824204,0.2543099716589772,True,0.19339543943724696,True,False,0.0,True,1,1
2021-02-10,377.03049868,0.014583803674253566,0.1606910498525453,0.18042939822067203,0.14200082579168954,0.20302304821408274,0.10508139673667312,2,-0.018690224060855742,0.323697989044044,1.201545774142181,1.0829796879670237,0.06980665894996742,0.1889750478239817,-0.24843301046817648,0.2543133104894328,True,0.1934173748879905,True,False,0.0,True,1,2
2021-02-11,377.05619004,6.813900946473147e-05,0.16029932401413527,0.1791770772438611,0.14131456285100427,0.20547163357741322,0.12328941031323426,2,-0.018984761163130998,0.3098587829050806,1.2037778993365271,1.0575704978277236,0.27067865162344196,0.1917138771105812,-0.2485695695614663,0.2543118181017941,True,0.19347654183390495,True,False,0.0,True,0,3
2021-02-12,378.41932478,0.0036086840474799367,0.1542364703985362,0.17702368210073224,0.14013833365610334,0.1974438040471994,0.17387431694769248,2,-0.014098136742432849,0.8226711904847661,0.932907293617829,0.1487976467288536,-0.44086040689590844,0.19932280288207227,-0.24878961455814588,0.2543793035091178,True,0.1935357087798194,True,False,0.0,True,1,4
2021-02-16,383.00941042,0.012056653577710087,0.14832396621430266,0.17826328512603742,0.13215047371983138,0.1919835040281866,0.2831349490472536,2,-0.01617349249447128,0.6353769520661889,0.95193887089549,0.1959437322531531,-0.9015254774914482,0.21575766645510183,-0.24966325188955887,0.2544435374309257,True,0.19347654183390495,False,False,0.0,True,0,1
2021-02-17,382.05483424,-0.002495415730158958,0.14551222140994774,0.17832933115496047,0.1322213858604276,0.19429606880548392,0.4472846158534054,2,-0.013290835549520152,0.9929160898084289,0.7732831007697132,-0.41146665740989946,-0.6861501054643382,0.24044887798918008,-0.24942944344747392,0.2544567322659878,True,0.1935357087798194,True,False,0.0,True,1,2
2021-02-18,390.14368214,0.020950943583016853,0.16321926389884098,0.18336836923602298,0.14294275703661455,0.18917100697118114,0.7646227256014051,2,-0.02027650686222643,0.25574483179466245,0.9511539370523233,0.16719338931847633,-1.1149734181194215,0.2881825258732509,-0.24215782937250663,0.2548665901419597,True,0.19347654183390495,False,False,0.0,True,0,3
2021-02-19,407.23401292,0.04287290351103831,0.22306738491938594,0.19545734688731217,0.17995726327099837,0.20589394089320992,0.9855828198582446,2,-0.04311012164838757,-2.242847440209353,1.7947506851159707,2.7727035058277942,0.32154022516674885,0.3214190991422563,-0.19125345907361319,0.2618155170856071,True,0.1935357087798194,True,True,1.0,True,0,4
2021-02-22,414.39464545,0.017430779120499763,0.23052051216621558,0.19781405627830398,0.17935164732644332,0.27073193561025666,0.969015411260343,2,-0.05116886483977226,-2.8654024406463248,1.876006019292165,2.7743994731911648,4.767666652281287,0.31892704784406284,-0.18845020731086723,0.261867313616091,True,0.19357218682805044,True,False,1.0,True,0,0
2021-02-23,418.28262596,0.009338573055878723,0.232859283584959,0.19696770033922195,0.1810510460488498,0.2595380471682999,0.9622045498868738,2,-0.05180823753610919,-2.69632315270262,1.8639102265888887,2.5423757406906162,3.5198390417491283,0.31790256560067087,-0.18920191797737906,0.2618570706221788,True,0.19360866487628145,True,False,1.0,True,0,1
2021-02-24,429.89022621,0.027372545506105912,0.2521572088431658,0.2046703624287539,0.18400325655229388,0.2431966005284126,0.980884953047733,2,-0.0681539522908719,-3.688753282200139,2.027698878003023,2.7502356081103305,2.355110707485697,0.32071245120666075,-0.18404228164751182,0.2588855389130572,True,0.1936715539630604,True,False,1.0,True,0,2
2021-02-25,425.84651106,-0.00945090954367901,0.2469509877037404,0.19872923489406902,0.17894485016744582,0.2561311767382718,0.9816406592419853,2,-0.06800613753629459,-3.2992299611080544,1.9786097699051535,2.464803874377475,2.8627559515756116,0.32082612369752195,-0.18293825825799953,0.2589377658732119,True,0.19373444304983936,True,False,1.0,True,0,3
2021-02-26,408.93082742,-0.040532963041810824,0.2853021195038269,0.215026486380471,0.22603660813830792,0.24109081984087188,0.9991968758481002,2,-0.05926551136551897,-2.478199451465241,1.7695229679039095,1.860161862985975,1.9796358654881216,0.32346691040390985,-0.20446015223977124,0.26164508636346906,True,0.1938322592019251,True,True,2.0,False,0,4
2021-03-01,411.07667493,0.005233738477040847,0.2850222970375948,0.21347538635830238,0.22534339531259612,0.28588756679368366,0.9829998462668396,3,-0.05967890172499868,-2.379044498900367,1.6944470459423284,1.6175662054493065,3.816859215694268,0.3210305711082175,-0.20500377345228182,0.2616454257005201,True,0.19393007535401086,True,False,2.0,False,0,0
2021-03-02,421.7430963,0.02561659801210972,0.2989816251632287,0.21982714206117504,0.2245229644754203,0.26267944255989883,0.99037726136248,3,-0.07445866068780838,-3.1076785864347523,1.816885728983625,1.8153285233075351,2.5288547678123625,0.3221402737365894,-0.20602009282730824,0.2612499939386361,True,0.19411307207974737,True,False,2.0,False,0,1
2021-03-03,413.89959963,-0.01877292067277485,0.3056124183546667,0.22316601215355414,0.2356521121332189,0.2675715296447938,0.9931794965471551,3,-0.06996030622144778,-2.6153134777773364,1.6737518933365563,1.438510125802578,2.551776115486306,0.32256178285725523,-0.2070848030294826,0.26131291735264706,True,0.19429606880548392,True,False,2.0,False,0,2
2021-03-04,397.6307103,-0.040099720458536985,0.33469865765950085,0.23697021320973774,0.2738179004420914,0.2606966452706484,0.9986964186070953,3,-0.06088075721740943,-1.9760518893143832,1.9615296354729577,1.9738060856184845,2.1297721239968213,0.3233916321786058,-0.22135179915766628,0.2627364195053137,True,0.194349999509379,True,True,3.0,False,0,3
2021-03-05,407.30106241,0.024028912087538764,0.3452227979206831,0.24199575674932575,0.2717727583925938,0.29807936965923726,0.9405742366518345,3,-0.07345003952808932,-2.5313343649011424,1.6650600559057358,1.2868935438701332,3.2546852523859955,0.31464895778028196,-0.21769747135049006,0.2628260847838904,True,0.1944039302132741,True,False,3.0,False,0,4
2021-03-08,408.97577768,0.0041033079404747186,0.3382524504673097,0.24193173051199568,0.272001729234145,0.2916702041002391,0.8238157876021442,3,-0.06625072123316467,-2.018364496493174,1.6627699717264794,1.2435685418732523,2.762448122632502,0.2970862808649441,-0.21818619660117333,0.26293507299764907,True,0.19440690564509513,True,False,3.0,False,0,0
2021-03-09,400.57976835,-0.020743012426316088,0.34407177619845175,0.24549663466121435,0.280226623865799,0.26846950610343207,0.7796510924434628,3,-0.06384515233265275,-1.8046159733766651,1.579920494528797,1.0323073540534589,1.8637079745402636,0.29044307621081067,-0.21788836768374478,0.26291584707184784,True,0.19440988107691617,True,False,3.0,False,0,1
2021-03-10,402.99497051,0.006011163158301487,0.34105291495190865,0.243186473753516,0.2822542468572035,0.26543316330005906,0.6526846256787038,3,-0.05879866809470513,-1.4983607263518952,1.5080620786756496,0.8458249627313468,1.6848552747890695,0.2713449205482389,-0.21809753612744343,0.2629434733465999,True,0.19442174062927417,True,False,3.0,False,0,2
2021-03-11,413.73311065,0.02629702393210149,0.34978643789740593,0.24760105444536204,0.2829592628831742,0.24907892530116982,0.6014069203274641,3,-0.06682717501423174,-1.8319080437494508,1.2001910566789507,0.15396154182962501,1.1102365726260937,0.2636317847591497,-0.2148844213380837,0.2630122476027161,True,0.19443360018163217,True,False,3.0,False,0,3
2021-03-12,413.80411193,0.00017159658378341206,0.3497868846140304,0.2476008325204294,0.2836692635145969,0.26115278516374957,0.40906596636534304,3,-0.06611762109943348,-1.7204412270654121,0.9827575167132743,-0.3372228915107894,1.4488571295158987,0.23470007095583448,-0.21452362321773005,0.2629940238821056,True,0.19448423479630123,True,False,3.0,False,0,4
2021-03-15,413.84958685,0.0001098887617195426,0.3495524739331783,0.24740210912111288,0.2835683211222756,0.244717463296394,0.3200666240134546,3,-0.0659841528109027,-1.6447648631990641,0.9764785473108686,-0.360978515223779,0.8938220896701417,0.2213128882026742,-0.2146583312472882,0.2629923341959369,True,0.1945348694109703,True,False,3.0,False,0,0
2021-03-16,407.02961284,-0.016616649405901206,0.3519010994893671,0.24960844379169514,0.2883819102386711,0.23212552146131438,0.2890840221829244,3,-0.063519189250696,-1.4746983710567085,0.901123620851625,-0.5363388865978512,0.4738384800273603,0.21665251946383815,-0.20199833474327444,0.26106517065059703,True,0.19454559566776375,True,False,3.0,False,0,1
2021-03-17,411.77286917,0.011585967295422517,0.35418537350796875,0.24956076031376875,0.2957994906981669,0.23382010277991538,0.22441423641902267,3,-0.05838588280980184,-1.2000970457798636,0.9443098634648612,-0.455236650661413,0.5079151533910491,0.20692496173418595,-0.18514718938460492,0.25864196509379683,True,0.1945563219245572,True,False,3.0,False,0,2
2021-03-18,410.63410871,-0.002769337368026592,0.34642927334697504,0.24898877466019606,0.28918250391511247,0.22938204720447716,0.18747567244518748,3,-0.057246769431862576,-1.121948071529733,0.5829804496488055,-1.2764903895357886,0.3492840195833822,0.201368703749696,-0.0441129184589712,0.22877993212369327,True,0.19473745303309087,True,False,3.0,False,0,3
2021-03-19,411.07478066,0.0010725744797142056,0.31123601156455943,0.24710375952872468,0.2637537281057797,0.22082384014342343,0.1823259499718887,3,-0.04748228345877975,-0.6539746254865956,0.5882147076688954,-1.251538878164593,0.061214316476969365,0.20059408818449856,-0.043597705007497815,0.2314486446100903,True,0.1949185841416245,True,False,3.0,False,0,4
2021-03-22,413.82025542,0.006656567872395353,0.30593769891397127,0.24526139246349973,0.2581631701034028,0.2140530184009809,0.21112372027233403,3,-0.047774528810568484,-0.6454136975301327,0.623161011879483,-1.152834119116846,-0.16395910202977548,0.2049258169783059,-0.04403593422935166,0.23150693327860164,True,0.1950830679683382,True,False,3.0,False,0,0
2021-03-23,407.8487901,-0.014535220685568848,0.3084818927536414,0.24621295793927353,0.2602758066546637,0.2108209258791633,0.28299837061790883,3,-0.048206086098977696,-0.6444560743351083,0.5756958083142864,-1.2312862667656241,-0.26979828361247854,0.21573712247864693,-0.03318417672432648,0.23085102179456748,True,0.1952475517950519,True,False,3.0,False,0,1
2021-03-24,406.39470679,-0.0035716216618306386,0.2930549114123375,0.24629487495786034,0.24473314365334806,0.2156787875373864,0.33785886484521366,3,-0.04832176775898947,-0.6288856482782261,0.47987057691774954,-1.40866251398165,-0.1179824033730819,0.22398917741233196,-0.04903580291928364,0.23002820724710554,True,0.1954125891316851,True,False,3.0,False,0,2
2021-03-25,397.76285694,-0.021468880679588073,0.30093729371404104,0.2501445752421831,0.2533526535428439,0.21046275073517084,0.4545103111867692,3,-0.04758464017119712,-0.5715996471874694,0.7670174362946834,-0.7735057667137867,-0.2939825378082595,0.2415357590985251,-0.05303836744265915,0.2301634709668351,True,0.1955776264683183,True,False,3.0,False,0,3
2021-03-26,406.72047194,0.022270157487477696,0.27588320699109437,0.2541089176796552,0.23377723576831627,0.22581533138216892,0.47414570698991704,3,-0.042105971222778094,-0.2986742758111488,0.9779146265118337,-0.3210831815236081,0.18925816102002577,0.24448929364272498,-0.061527015952825004,0.23147444104140677,True,0.19562131212505662,True,False,3.0,False,0,4
2021-03-29,403.46629885,-0.008033186191593872,0.2767300285118508,0.25461791324904726,0.24007790916466618,0.23773708785697248,0.4539853453465129,3,-0.036652119347184625,-0.022873245581110438,0.9839808912034225,-0.330133321755168,0.5565250231677891,0.24145679431679795,-0.061915207282048336,0.23147175416400126,True,0.19566499778179497,True,False,3.0,False,0,0
2021-03-30,397.89448362,-0.01390610856266714,0.2659846756429161,0.2556093815393143,0.22956459502353876,0.22918584271020698,0.4614458425627192,3,-0.03642008061937735,0.011946555438680532,0.9730978474629901,-0.38049956645889815,0.25551955708737334,0.2425789940659591,-0.059641628459491954,0.23161482016634927,True,0.19582260981238053,True,False,3.0,False,0,1
2021-03-31,399.66651816,0.0044436411808481185,0.25798473301917685,0.2549099204010433,0.22003572466867044,0.22809942175882514,0.4627033398151059,3,-0.03794900835050641,-0.04041887248528856,0.9785419905824582,-0.3841498550264063,0.19990170012849065,0.24276814541342345,-0.07055368853421436,0.23113297183897558,True,0.1959802218429661,True,False,3.0,False,0,2
2021-04-01,399.13599963,-0.0013282847667256546,0.21521549582114588,0.2503314620634396,0.18638233077516778,0.22007626930483407,0.5169253709594986,4,-0.028833165045978104,0.417316054317116,0.7896919817283373,-0.7928942257681847,-0.0855846238236918,0.25092416343552887,-0.06212330035884379,0.2347714789521272,True,0.19606825100374178,True,False,3.0,False,0,3
2021-04-05,413.76957335,0.03600702274635868,0.23532654915130768,0.26090432006996644,0.201111881554313,0.21322359099056187,0.6484646888295087,4,-0.03421466759699468,0.17036997992223532,1.080195021981287,-0.13371022722658168,-0.31708792841488903,0.27071016230942396,-0.050014990172424445,0.23560854976180526,True,0.19615628016451747,True,True,3.0,False,0,0
2021-04-06,411.54896255,-0.005381234183043794,0.23565080862575163,0.25990498272601914,0.20663465426881641,0.25963787524968784,0.5220965504000832,4,-0.02901615435693522,0.4369531252041735,1.0720396889501809,-0.14382887568523986,1.208918046033325,0.25170200653404057,-0.04954476948717377,0.23559742335051165,True,0.19619039590987886,True,False,3.0,False,0,1
2021-04-07,405.47257537,-0.01487475895121675,0.2299950560591156,0.261391339916442,0.19920499807710293,0.24462469051796307,0.45878141229538205,4,-0.030790057982012675,0.36494270607714824,1.075546630730119,-0.12872727533220912,0.6837038871905239,0.24217821340871715,-0.04721720244320211,0.23562879054234276,True,0.19622451165524027,True,False,3.0,False,0,2
2021-04-08,409.57123133,0.0100575956194972,0.23176926514417043,0.2548016378517482,0.20149918665497096,0.2407571727970273,0.3771875764474786,4,-0.030270078489199465,0.4007011874593118,1.13163878972554,0.01780569281491115,0.5331411500758397,0.2299049587625375,-0.05164330686782211,0.23541945190334776,True,0.19629899155663058,True,False,3.0,False,0,3
2021-04-09,404.25961755,-0.013053545979059446,0.21714200045531662,0.2551619185284811,0.18830573831372893,0.23322291940829057,0.339613470678825,4,-0.028836262141587687,0.48578526887028434,1.186393745521279,0.15266160206317111,0.2803387648281058,0.22425310328339568,-0.04733096721373035,0.23583006643966245,True,0.1963734714580209,True,False,3.0,False,0,4
2021-04-12,402.22814196,-0.0050378443134268145,0.21787625795153798,0.25528859597609843,0.1917442353370832,0.23043083399123493,0.299103242900696,4,-0.02613202261445477,0.6279994286559033,0.6504824560832309,-1.0417908580164068,0.18352048378150024,0.21815959957531508,-0.047549211992497495,0.23583133579362636,True,0.1964255082055601,True,False,2.0,False,0,0
2021-04-13,403.57362159,0.003339483583377051,0.21819814097459134,0.2540250968956751,0.1924241260464303,0.22239098131245988,0.29318824706274366,4,-0.025774014928161032,0.6512359953501832,0.642993104822944,-1.0244691499754321,-0.09123813903665481,0.2172698724360542,-0.049961585226664815,0.23574034348294548,True,0.1964775449530993,True,False,2.0,False,0,1
2021-04-14,413.04277404,0.023192228163457174,0.22562953150480677,0.2560879199691944,0.19594695457229389,0.2157026296380194,0.331071091416874,4,-0.02968257693251289,0.4643286891198764,0.8063090660366423,-0.628737163718485,-0.31822640595905066,0.22296816803213965,-0.044742197595974156,0.23564253139908642,True,0.1965591141493639,True,False,2.0,False,0,2
2021-04-15,422.1143592,0.02172511398663156,0.23487078218789567,0.2593487804175366,0.20202838342781176,0.2327768597388433,0.3193633190446258,4,-0.03284239876008391,0.3104462073924403,0.9548570499735811,-0.28501254331241976,0.24670607932476565,0.2212070978462501,-0.04551430986376554,0.23545341729168176,True,0.19664068334562848,True,False,2.0,False,0,3
2021-04-16,417.03349291,-0.01210973338642934,0.23856945976441082,0.26049258253782415,0.2050393458390143,0.24195405422354338,0.26873570147799103,4,-0.03353011392539654,0.28676563908446556,0.9413410318947646,-0.31499248562331733,0.5373387834308879,0.21359174754352656,-0.0586293142373322,0.2147583936214373,True,0.1966740915405803,True,False,1.0,True,0,4
2021-04-19,424.23116439,0.017111968395538645,0.24615120783039154,0.2628163682280517,0.2093220527094556,0.23597310896241913,0.22045377542822564,4,-0.03682915512093593,0.1296282595511936,1.0323103016828232,-0.10986793090811367,0.31873960119302613,0.20632923356733127,-0.05878135229459457,0.21482010163458082,True,0.1967074997355321,True,False,1.0,True,0,0
2021-04-20,421.84571236,-0.005638869035117311,0.2458307398661092,0.2627865640967137,0.20852917524322398,0.23737859608749148,0.1674763439376862,4,-0.037301564622885225,0.11871452758926579,1.0396987557240247,-0.10066791346306866,0.3458148246033018,0.19836042685016755,-0.05863822428262275,0.21481903320682136,True,0.19671073219354202,True,False,1.0,True,0,1
2021-04-21,428.48612397,0.015618718050170297,0.2466666095134088,0.2647193106905312,0.2113128400260272,0.22801056713875248,0.14208733429821163,4,-0.03535376948738159,0.23776475602721445,0.9240366335303022,-0.39024997576338327,0.007015076212673241,0.19454144006910193,-0.06019206187688602,0.21481508985425135,True,0.19671396465155197,True,False,1.0,True,0,2
2021-04-22,427.76862097,-0.0016759105211998754,0.24641240614682144,0.26469070817184276,0.21145611969267095,0.22971599881511218,0.11726079479866988,4,-0.0349562864541505,0.27407680232001613,0.7186928503428665,-0.9054976483852784,0.043171200534253246,0.19080705942508738,-0.05218496172412081,0.2137027770588375,True,0.1967925983129091,True,False,1.0,True,0,3
2021-04-23,433.88258539,0.014191512729830939,0.23968562737832402,0.2639426989881987,0.1978151457276661,0.22100554249368837,0.11658310367307585,4,-0.04187048165065793,-0.08008687087571918,0.7477049979405466,-0.8350557998491299,-0.2871553334038317,0.19070512187466535,-0.05363247673294287,0.21379267640010574,True,0.19687123197426623,True,False,1.0,True,0,4
2021-04-26,444.22481073,0.023556807841512414,0.24123046514571558,0.2681423630632835,0.20247448049448816,0.22286560746863743,0.11969327858620377,4,-0.038755984651227426,0.10815144020410108,0.8517128031987331,-0.5907441307808178,-0.23782733890586394,0.19117295094908385,-0.05247992941190373,0.213794914594415,True,0.1970610272144398,True,False,1.0,True,0,0
2021-04-27,448.42877883,0.009419105530524292,0.241861322701374,0.26852319447154827,0.19348599564034957,0.2384257711443551,0.0788097006761201,4,-0.04837532706102443,-0.3975415392184834,0.8735826005205835,-0.5427465606456636,0.2997641784054016,0.18502328832661902,-0.05234843150411991,0.21379613019520863,True,0.1972508224546134,True,False,1.0,True,0,1
2021-04-28,449.4951424,0.0023751768854989867,0.2369206527581656,0.26849534792088287,0.18584651827884371,0.23109263060952115,0.05590408916561183,4,-0.05107413447932188,-0.523241836792748,0.7724639308938025,-0.7826665510972743,0.007871646179663301,0.18157785154853975,-0.05236757564318435,0.21384825642338423,True,0.19729582367526216,True,False,1.0,True,0,2
2021-04-29,448.44097322,-0.0023479836615712926,0.2365418798342575,0.26827046901655555,0.18663513707676901,0.2221599702573543,0.04929597881632686,4,-0.04990674275748849,-0.4340456512179003,0.7743353134081474,-0.7745645756510573,-0.3531244289734281,0.18058386689021322,-0.048757017014153525,0.21259821267870171,True,0.1973408248959109,True,False,1.0,True,0,3
2021-04-30,446.63071709,-0.004044946606668281,0.23693034060384346,0.26738043270420686,0.18621887829254846,0.21538104082681236,0.05355635410578765,4,-0.050711462311295,-0.4553894313690209,0.6878572208203844,-0.9854139571904326,-0.6435408147673923,0.1812247078345379,-0.05241276018170312,0.21228094381195226,True,0.19739231447155514,True,False,1.0,True,0,4
2021-05-03,452.62627659,0.013334671585117485,0.20503771437689886,0.268699230402415,0.17473455322855153,0.21071106091212477,0.06845991128947533,5,-0.03030316114834733,0.736855746695598,0.45306318481506774,-1.5261782515468996,-0.8533816362382443,0.18346648444117106,-0.06111142733361431,0.21460088102389827,True,0.1974438040471994,True,False,1.0,True,1,0
2021-05-04,451.88853965,-0.0016312327677615686,0.20422812031751894,0.26561573057177756,0.17135580116983037,0.21428383253697422,0.08689693714810572,5,-0.03287231914768857,0.6081596286843809,0.38546344363205914,-1.6258982765349677,-0.7488206303713951,0.18623976150223456,-0.06120814608009196,0.21456610698378864,True,0.19751776235590243,True,False,1.0,True,1,1
2021-05-05,452.1656077,0.000612945716773102,0.19729673707571252,0.2647068286795261,0.16178517771228215,0.2090994551800306,0.13012305281862255,5,-0.03551155936343037,0.47794993090826204,0.3818593829972255,-1.5737056568419214,-0.9686831327781932,0.1927417860666686,-0.06072159564024776,0.2146708635143911,True,0.19759172066460545,True,False,1.0,True,1,2
2021-05-06,459.95599463,0.017082319614147124,0.20329337833296518,0.2654319000777743,0.16306302774869835,0.20502933119461408,0.22193382486178126,5,-0.04023035058426683,0.22657554547002962,0.5914584970195643,-1.066684873970688,-1.1421388757555846,0.206551860968019,-0.05746119546493157,0.21406173337593404,True,0.19792786651015698,True,False,1.0,True,0,3
2021-05-07,474.56515622,0.03126810309597006,0.22693648385021592,0.271416879971869,0.167001549044298,0.21491993550121272,0.3098630438762215,5,-0.05993493480591791,-0.9553916378860975,0.9961272587087239,-0.15037613130751906,-0.7518727204197285,0.2197780769509958,-0.043583874529912046,0.21530644449215597,True,0.19826401235570854,True,False,1.0,True,1,4
2021-05-10,471.4492261,-0.006587513776313538,0.22743606250741527,0.2717523940132703,0.1729022819754512,0.24894536762487787,0.24695449860026886,5,-0.05453378053196406,-0.593326552774928,0.9476731865756786,-0.24973843587604952,0.6262408407866176,0.210315443069783,-0.0442641229719578,0.215279641214737,True,0.19826834814414035,True,False,1.0,True,1,0
2021-05-11,476.15649897,0.009935169165179558,0.22984856105523965,0.2724137305501426,0.1682645744595211,0.23685588086609607,0.21559046851486074,5,-0.061583986595718565,-1.0168977208051315,0.9792652033305016,-0.18054142378167531,0.09840425458376964,0.20559770031423705,-0.04637794113722689,0.21513558286897738,True,0.19827268393257214,True,False,1.0,True,1,1
2021-05-12,473.53522631,-0.005520274099093227,0.21549256403377207,0.27152661899143116,0.17043844505636177,0.22996680906783512,0.2105305974104696,5,-0.045054118977410296,0.09530651766074873,0.992880475895188,-0.15150749546082073,-0.22695292193573285,0.20483660009268598,-0.04407772460492124,0.2156165475304263,True,0.1982904396920971,True,False,1.0,True,1,2
2021-05-13,469.04790524,-0.00952139884610928,0.20404011499667601,0.27217882091276563,0.1668336487563094,0.2219903507700379,0.23104502224054574,5,-0.03720646624036661,0.678623207593702,0.9188278956168057,-0.32439970511249394,-0.6101559059394266,0.20792235721199545,-0.04200579199703473,0.21584439649586473,True,0.198308195451622,True,False,1.0,True,0,3
2021-05-14,465.59063387,-0.007398126642568229,0.20118215659069555,0.26919812325650855,0.15951923375767654,0.21855284781955903,0.2654573295505119,5,-0.041662922833019006,0.40232938893759523,0.47025492507224215,-1.2993885315117248,-0.8121718172620391,0.21309861846002764,-0.04135272455252784,0.21586347468680706,True,0.19832186444783623,True,False,1.0,True,1,4
2021-05-17,471.30931296,0.012207813930922646,0.1966278769372995,0.2556826118451318,0.16379648684635756,0.21441113318504978,0.3293482895254701,5,-0.032831390090941936,1.0205191651223549,0.5714688817930429,-1.0439536855364577,-1.0184346426909106,0.22270902607492693,-0.04533416540729312,0.21538776642518453,True,0.19833553344405044,True,False,0.0,True,1,0
2021-05-18,472.67917959,0.0029022972258258397,0.19587755282902344,0.2532447064153439,0.16212691362268136,0.215393981686145,0.43107208524372304,5,-0.03375063920634208,0.9274643929334462,0.5118037782097233,-1.150644790001331,-0.943707005267853,0.23801020704591755,-0.06293754244135782,0.21358140958951732,True,0.19834747344906617,True,False,0.0,True,1,1
2021-05-19,457.82353102,-0.03193308469709419,0.2194147049904004,0.2608628676602159,0.18810731107098982,0.209887138504249,0.6496262666582848,5,-0.031307393919410564,1.0678295825872042,0.9897182073883317,-0.017247235923378578,-1.164639463282236,0.27088488556315726,-0.0774296644356962,0.2125631274263485,True,0.1983594134540819,True,False,0.0,True,0,2
2021-05-20,457.02430675,-0.0017472292994024639,0.21942171464171378,0.25478497068591566,0.18617851702526675,0.2473155777791701,0.5775820676583969,5,-0.033243197616447034,0.9021947502752706,0.979192525921511,-0.0007252535223684092,0.6013045508793863,0.26004807674154595,-0.0760928796809984,0.21250871483201803,True,0.19846972972616322,True,False,0.0,True,0,3
2021-05-21,448.39357535,-0.019065213964995317,0.22402709449067298,0.257034753671953,0.19322220530565828,0.23392254160908296,0.5625016769274563,5,-0.0308048891850147,1.0456508014711756,1.0851916398585941,0.32137690844825256,-0.013714636785457644,0.25777970102809467,-0.07697589063210124,0.2125307069446454,True,0.19858004599824453,True,False,0.0,True,0,4
2021-05-24,452.86201523,0.009916113789540085,0.210796243183312,0.24408928513579298,0.18632647365380545,0.23826448758005875,0.4940066502266918,5,-0.024469769529506552,1.4494907301416993,1.1238228868703333,0.47120065086684126,0.19551209721595295,0.24747675478271405,-0.07500751743567327,0.21273748994390856,True,0.19878530575395664,True,False,0.0,True,1,0
2021-05-25,450.96225196,-0.004203839477923637,0.20866207220994082,0.24400564780210485,0.18692994891598352,0.23097407674762718,0.4698024494269746,5,-0.021732123293957295,1.5819036822476147,1.1276848586472763,0.5263516718698246,-0.11456282600187179,0.2438359856383887,-0.07599152991815335,0.21268294522073458,True,0.19899056550966876,True,False,0.0,True,1,1
2021-05-26,453.24512754,0.005049462064361839,0.20926070095197524,0.23851574675000292,0.18904531951623502,0.2221852756710222,0.48780531510113584,5,-0.020215381435740226,1.6547151126074986,0.6708795173331178,-0.7696027576292079,-0.5322402033449185,0.24654395680414956,-0.07372557843350087,0.21257549296022996,True,0.19905974600559137,True,False,0.0,True,1,2
2021-05-27,466.59567943,0.02903000032982355,0.23310751253559236,0.24279435453831544,0.19876969883565324,0.21587407680606072,0.5640283705466892,5,-0.03433781369993913,0.6089231294870583,1.0734376767392666,0.5000277182189934,-0.8299541071857259,0.2580093445956611,-0.0598358740741251,0.2138993459340997,True,0.19912892650151398,True,False,0.0,True,0,3
2021-05-28,468.02074026,0.0030495118731980815,0.2329165737204364,0.2285489198208722,0.20168800934306344,0.24454149332132633,0.5213403324710808,5,-0.031228564377372953,0.812489743662286,0.9791034347823825,0.28128924562010443,0.6975833236881421,0.2515882570686035,-0.05969088376344574,0.21387415638188634,True,0.19919185533223227,True,False,0.0,True,0,4
2021-06-01,465.60832225,-0.005167841224791,0.22879288359420846,0.22343174396648788,0.19862205984098835,0.2321933316524412,0.5320016596556628,6,-0.03017082375322011,0.8756871070493559,0.9647530347814288,0.2903669771720965,0.11127843068204377,0.25319192212544095,-0.060470664490839,0.21387638632223352,True,0.19925478416295053,True,False,0.0,True,0,1
2021-06-02,459.48905875,-0.013229640201351542,0.2334907933372041,0.224913597712273,0.2028196996112354,0.223534542885168,0.5866974779430169,6,-0.030671093725968712,0.8126106473665038,1.0369650034428988,0.6466201090911681,-0.38982087715910824,0.2614192066861669,-0.0621129482127732,0.21391656098350426,True,0.19927870375512968,True,False,0.0,True,0,2
2021-06-03,446.72342952,-0.028175453086751276,0.2539996147557242,0.2282831082730497,0.21570100592065136,0.2232759063200492,0.6423870153073841,6,-0.03829860883507283,0.16505160102886757,1.3367450651641002,1.9513308651681687,-0.38002439623221995,0.26979596537263056,-0.07448229308660832,0.21487324721512918,True,0.1993026233473088,True,False,0.0,True,0,3
2021-06-04,453.240854,0.01448399350438143,0.2519570551580932,0.22987500051363946,0.22074261286058458,0.24758250937679419,0.5226551345733487,6,-0.03121444229750861,0.7307389614909481,1.076348682072249,0.9394190768111852,1.4955637514493176,0.2517860281482785,-0.07498070672920919,0.21487988550499373,True,0.19934016216678413,True,False,0.0,True,0,4
2021-06-07,453.12374556,-0.0002584135362492995,0.22619516180450405,0.22346891453309697,0.19832120190092825,0.24246852957734027,0.4331150023573392,6,-0.0278739599035758,0.9975636291942841,1.1029879339316133,1.075500363070216,1.123570359506298,0.2383175003812032,-0.08152404623285606,0.21588440675377624,True,0.19937770098625948,True,False,0.0,True,1,0
2021-06-08,456.03611508,0.006406748929297978,0.22612973048517745,0.2238540308006842,0.1969835597611032,0.2304267281744715,0.4053609864841384,6,-0.029146170724074244,0.8688493790505453,1.1076202632085985,1.0786833374959557,0.23928347747556963,0.23414277197523797,-0.08138112200923171,0.2158662250861505,True,0.19939919754548238,True,False,0.0,True,1,1
2021-06-09,453.57581721,-0.005409568151842814,0.22418666019420647,0.22412827305880328,0.19686318944245576,0.22298582929252303,0.4225418886083684,6,-0.027323470751750706,1.0274007985678233,1.0380650697513747,0.7613353391033358,-0.35240553216133286,0.2367271042918952,-0.08143943229976032,0.2158705018075032,True,0.19942069410470528,True,False,0.0,True,1,2
2021-06-10,449.11159828,-0.009891032596265585,0.22607163303949165,0.2224515781813131,0.1938449078342877,0.21687454103686296,0.4813217722498983,6,-0.03222672520520395,0.5283822821795124,0.6204730703896674,-1.0664106359777576,-0.8413991195624989,0.24556870945126144,-0.08719451575669504,0.21555985213323134,True,0.1994892067479045,True,False,0.0,True,0,3
2021-06-11,454.36990733,0.01164023478095761,0.22731771255279148,0.222463476623051,0.2033746999753057,0.215241251295024,0.5668170771032706,6,-0.023943012577485795,1.3527481319434032,0.5561372276516594,-1.3034950132536984,-0.947609629895225,0.258428818755035,-0.07759410263708665,0.21487867409145792,True,0.19955771939110373,True,False,0.0,True,0,4
2021-06-14,453.28039808,-0.0024007258451559333,0.2259564906026412,0.22244548613703646,0.19994365582517348,0.21560648791036188,0.7103001384524608,6,-0.026012834777467714,1.114016201681465,0.5613742425173291,-1.2766517155620567,-0.8922554295687549,0.2800113823280316,-0.07756929708521249,0.21487946090280163,True,0.19957471076885885,True,False,0.0,True,0,0
2021-06-15,433.99812301,-0.0434707050734865,0.27016438750508565,0.2396120026078469,0.2265420186849311,0.21012422204048448,0.9969969540549339,6,-0.04362236882015455,-0.8080502072807262,1.3763792769777956,2.139696278805059,-1.3139637349286135,0.32313600059817965,-0.11502420872220499,0.2193858787719944,True,0.19959170214661395,True,True,1.0,True,0,1
2021-06-16,439.0987214,0.011684056468951973,0.2731350924733384,0.24041876459338238,0.22716916156983932,0.2784600075933869,0.9895289375269003,6,-0.04596593090349907,-1.0714612911107337,1.4054350215940046,2.138264929420534,3.6907931979594646,0.3220126698024405,-0.11605575577155218,0.21792820829644988,True,0.1997525097176882,True,False,1.0,True,0,2
2021-06-17,418.53771594,-0.04795725810901161,0.3012191980093691,0.25801823854414657,0.2507156360169407,0.2632425354685154,0.9989161239038533,6,-0.05050356199242839,-1.5552116754405227,1.8390398555892402,3.4538179998900818,2.428123317592739,0.3234246800066212,-0.1401772577932685,0.21970493721958156,True,0.19991331728876247,True,True,2.0,False,0,3
2021-06-18,416.38240153,-0.005162935118110764,0.3017124527897424,0.2581313405534595,0.24949669967321678,0.32207829710000613,0.651537226536858,6,-0.052215753116525626,-1.7159814396544315,1.81570344710952,3.0716991574879757,4.907796320701626,0.27117233003692953,-0.1405107610599047,0.2195379519817998,True,0.2000839923741894,True,False,2.0,False,0,4
2021-06-21,418.54612478,0.005183025913300594,0.2945997445380722,0.25457569176937733,0.24699377605726475,0.2944487350123055,0.45487097835024204,6,-0.04760596848080745,-1.2189930033534295,1.8455143451229374,2.88758128067495,3.099690250006068,0.241590010254802,-0.14070512561070822,0.21965171503865166,True,0.2002546674596163,True,False,2.0,False,0,0
2021-06-22,422.10910036,0.008476713896797505,0.2940330408151279,0.2510528646491325,0.244992891226965,0.2729344631494005,0.36241339635812114,6,-0.049040149588162885,-1.3443043045779046,1.4312709604117801,1.5077645714674295,1.939842429288354,0.2276826429155021,-0.13974293831479978,0.21958805706308976,True,0.20026888705557938,True,False,2.0,False,0,1
2021-06-23,432.56682413,0.024473008814739808,0.3062339846531194,0.2554838632571091,0.25806982415388335,0.25799192143559063,0.3221331527234987,6,-0.04816416049923605,-1.214879253437615,1.5281188295544708,1.7363035400291245,1.1994276876062562,0.2216237331682092,-0.13352334897281282,0.21983939326024607,True,0.20028310665154245,True,False,2.0,False,0,2
2021-06-24,430.64264996,-0.004458193323281185,0.3061183128394768,0.254053707000413,0.25515632901790086,0.265851594865949,0.19081130661546214,6,-0.05096198382157596,-1.456083771714232,0.7623038980434417,-0.590169401084535,1.5095100779793496,0.20187044615649485,-0.1342341145571079,0.219737385139551,True,0.2002888340896644,True,False,2.0,False,0,3
2021-06-25,428.99269955,-0.003838726355435171,0.28857504605701007,0.25401229007199705,0.24401104994729392,0.25091958968374994,0.11806132009035432,6,-0.04456399610971615,-0.780687325162978,0.7562973391814838,-0.5953774572882773,0.8006204141184896,0.19092747355506978,-0.13134815743756006,0.22043575611816696,True,0.20029456152778638,True,False,2.0,False,0,4
2021-06-28,427.91619845,-0.002512523020408073,0.2885098337102621,0.25404989061195826,0.24454358174001875,0.23934773388963237,0.07967728858982605,6,-0.04396625197024337,-0.6947452801636423,0.7454986302189355,-0.6251296106338264,0.2566834299290759,0.1851537899421174,-0.1313255893038768,0.22043331096183408,True,0.20029985764346864,True,False,2.0,False,0,0
2021-06-29,426.22285984,-0.003965023755880062,0.2882698579652747,0.2432325080463653,0.24050596160499843,0.23023099402100258,0.06283450602578429,6,-0.04776389636027628,-1.052641705164398,0.7473161987069873,-0.6017011695186826,-0.17624039847349734,0.1826203171961608,-0.13068459777962724,0.2201913198501957,True,0.2003051537591509,True,False,2.0,False,0,1
2021-06-30,428.71284779,0.005824987699810762,0.28516966966102103,0.24327543799586498,0.24375539473715857,0.2237107538267869,0.05855930040669187,6,-0.04141427492386246,-0.38646559637692957,0.2777304599114042,-1.9211471099741462,-0.45488780336795315,0.181977245490037,-0.13178593976948022,0.22019772443742533,True,0.20032129640316987,True,False,2.0,False,0,2
2021-07-01,423.423998,-0.012413305983111137,0.27066711844124564,0.24269493591892022,0.22684066238284575,0.2195359168175341,0.06774987578764723,7,-0.04382645605839988,-0.6119153550323451,0.4385748037886875,-1.3964322781589096,-0.6298191392453533,0.1833596816854089,-0.12708958334397547,0.2207001029384097,True,0.20033743904718887,True,False,2.0,False,0,3
2021-07-02,427.49146791,0.009560293714721991,0.26789739578998306,0.24261050402447085,0.22827941362718895,0.2214595501258051,0.07000285031024496,7,-0.03961798216279411,-0.16525327148436775,0.5080614325425095,-1.1559612244129431,-0.5243215198042793,0.1836985716240893,-0.12752691295742927,0.2207211660497117,True,0.2003663718074279,True,False,2.0,False,0,4
2021-07-06,424.9447589,-0.005975148654802658,0.26873411307849415,0.24144180973072993,0.22449002389896194,0.22012118565124658,0.08338076028858589,7,-0.04424408917953221,-0.6182614103253202,0.5348280919116362,-1.043931774340255,-0.5749126684326095,0.1857108620635768,-0.12512792247081345,0.21956418564212743,True,0.20039530456766694,True,False,2.0,False,0,1
2021-07-07,432.079492,0.016650399158158937,0.2742152611939207,0.24362254069894415,0.22982316705696282,0.2166635181103003,0.11056246714754395,7,-0.04439209413695788,-0.6084921759721613,0.7092346579405983,-0.5505149695345174,-0.721829913167297,0.1897995043798869,-0.12357407887449295,0.21961863961223682,True,0.20044178491328574,True,False,2.0,False,0,2
2021-07-08,426.3829602,-0.01327167053011457,0.2775691256086278,0.245040567470868,0.2334337893993128,0.2242736006743842,0.1323694849313166,7,-0.04413533620931498,-0.5568215785477174,0.7852217837203243,-0.34154390001069834,-0.3711781532165451,0.19307969190327914,-0.12371672008685683,0.21961037848346648,True,0.20048826525890456,True,False,2.0,False,0,3
2021-07-09,434.45019648,0.018743405489456123,0.28326401431793746,0.2434364600373197,0.24205858154750118,0.22544842733672713,0.14554711633588477,7,-0.041205432770436284,-0.22771723190091026,0.8902021583539792,-0.04464541444920395,-0.3256416399575044,0.1950618566609606,-0.12051444983905077,0.21885680663882187,True,0.20052666440339756,True,False,2.0,False,0,4
2021-07-12,431.43301018,-0.0069690657777193585,0.2813240466782889,0.2397560775785384,0.2329343561658403,0.2333520503718851,0.1438655385991006,7,-0.048389690512448624,-0.9633426257767788,0.8828489427555695,-0.062304090993892544,0.0415977137427738,0.19480891559554275,-0.11607612085367655,0.21853310579028326,True,0.20056506354789055,True,False,2.0,False,0,0
2021-07-13,430.49182107,-0.0021839247460143205,0.28130178701463576,0.23851016131643257,0.23306673546587117,0.22681192465216643,0.15799858044737003,7,-0.04823505154876459,-0.9171427208608453,0.8718836356137685,-0.0904436018843875,-0.2511987452655514,0.19693479213666115,-0.1220389127645461,0.21803108181990818,True,0.20060034912705904,True,False,2.0,False,0,1
2021-07-14,426.60413896,-0.009071816817696771,0.23739713710058474,0.23664933197202823,0.20553736397807948,0.2200373314629707,0.2043451004156725,7,-0.031859773122505264,0.804917889902933,0.7724946651846271,-0.36317920896064093,-0.553030322046156,0.20390618446825284,-0.11111479608388382,0.22247354395742158,True,0.2006356347062275,True,False,2.0,False,0,2
2021-07-15,432.08221173,0.012759366875326217,0.23809364223750643,0.23780901084457642,0.20352689717318864,0.21822459035309935,0.27047567304452946,7,-0.03456674506431778,0.5138011631921394,0.7609581278805737,-0.38300291834978717,-0.6206949154837409,0.21385347214430456,-0.10763572506654359,0.2222180496665583,True,0.20078025670302752,True,False,2.0,False,0,3
2021-07-16,432.10269011,4.7393514883838546e-05,0.16646287378313204,0.2356450058623287,0.148932891779067,0.2202371661302047,0.36844740391851527,7,-0.017529982004065053,2.183351831263446,0.5204569152396814,-1.0439372371767974,-0.5203485071788586,0.22859027166657267,-0.1002251301891333,0.23356601194462867,True,0.2009248786998275,True,False,2.0,False,0,4
2021-07-19,420.01256282,-0.028378646277598188,0.19370442259698326,0.24269163998672805,0.17603494624962332,0.21465485429460168,0.5749794675839881,7,-0.017669476347359936,2.063346639147312,0.9502364363533792,0.16707047364088903,-0.7630380300267257,0.25965659651361644,-0.11361538502689607,0.23514510133688946,True,0.2010039651897308,True,False,2.0,False,0,0
2021-07-20,426.15469805,0.014517799005825489,0.1995960363737498,0.24277268262302598,0.17628348125438204,0.2434736918282716,0.5521800960004383,7,-0.023312555119367778,1.4575263711119164,1.038508650071208,0.40464475901909874,0.5452464390573067,0.25622714022798,-0.11196824206274314,0.23520968583632382,True,0.20108305167963406,True,False,2.0,False,0,1
2021-07-21,427.00849049,0.002001475770371005,0.19744286057851942,0.2379594982517104,0.17802486989846997,0.24047923017305914,0.5476818530277993,7,-0.019417990680049457,1.75094389783132,1.0261021095572784,0.3606836361177359,0.39409532449830526,0.25555051948953966,-0.11239433810398765,0.23521916514449143,True,0.20120612066141075,True,False,2.0,False,0,2
2021-07-22,433.49377165,0.015073531445531292,0.185202730500448,0.23917857005474313,0.1647501405930612,0.23008820950151262,0.598276545861428,7,-0.020452589907386798,1.588177064313024,1.0482969103253224,0.414943158549503,-0.07734556426100439,0.2631609172902985,-0.11423769777101081,0.23550013278887205,True,0.20132918964318747,True,False,2.0,False,0,3
2021-07-23,439.39149909,0.013513384603597703,0.1906581389270015,0.24072736193856842,0.16759543022711293,0.23137835243311178,0.668677066382667,7,-0.02306270869988858,1.3035216435754982,1.1151907415158537,0.5876807060046166,-0.01820170471169802,0.2737504858110309,-0.11290242954772545,0.23556115099365701,True,0.20135601475220355,True,False,2.0,False,0,4
2021-07-26,456.53483766,0.038274198690409,0.23371515698100612,0.2531385945880195,0.19673401511360425,0.23050608899226296,0.7767299734707293,7,-0.03698114186740187,0.009611681009020422,1.2819736191549316,1.028405830733663,-0.06484481011405262,0.2900036847220838,-0.080044994610698,0.23935131180322428,True,0.20138283986121966,True,True,3.0,False,0,0
2021-07-27,452.4828995,-0.00891504055634397,0.23567913743624055,0.2536616580433346,0.20285196034179537,0.27702561558337485,0.5842343923216853,7,-0.03282717709444519,0.37145936779922745,1.2384865628270059,0.877523819296688,1.9724344966447849,0.26104871206813846,-0.08028403347823805,0.2393573878188657,True,0.2015611776295542,True,False,3.0,False,0,1
2021-07-28,446.88940376,-0.012438826146619881,0.23936602390994577,0.25347043745910447,0.20077676710940429,0.26118950308032257,0.45199310894390815,7,-0.03858925680054148,-0.15659775654906796,1.2862340989900574,0.9793485315157145,1.2208607338507633,0.24115712431807235,-0.08104996429335877,0.2393814527172201,True,0.20173951539788873,True,False,2.0,False,0,2
2021-07-29,451.22003426,0.00964395625105158,0.24091584334445354,0.2542178427006925,0.2047954896196257,0.25198406840571747,0.3277490926984638,7,-0.03612035372482783,0.08089539299190839,1.2409764799611191,0.824073327791465,0.7837782357865167,0.22246847665494623,-0.0810085685062637,0.2392873941343213,True,0.201942458253678,True,False,2.0,False,0,3
2021-07-30,446.85394912,-0.009723295895714416,0.2393535936155957,0.2549945333257449,0.19870806063811758,0.242804312723358,0.2607700310749262,7,-0.04064553297747811,-0.3370602766926287,1.2092937135241024,0.7072215976213706,0.35284034417877763,0.2123935602016961,-0.08056466686117296,0.23929426340013304,True,0.20214540110946724,True,False,1.0,True,1,4
2021-08-02,442.41547028,-0.009982386890307136,0.239570611848285,0.25340708381071675,0.20841492879470266,0.23600126840876642,0.21247460355783598,8,-0.031155683053582323,0.5410048127842845,0.6397076100183553,-0.9635967062026792,0.023491622379217373,0.20512901534970174,-0.0785510927064333,0.2391851940944418,True,0.20215573170832382,True,False,1.0,True,1,0
2021-08-03,437.94935339,-0.01014614642314105,0.2413323969597767,0.24605121457276727,0.20652175721139648,0.231131241684087,0.17684794859761993,8,-0.03481063974838022,0.16498958902899524,0.6734948097077555,-0.843580923586209,-0.21333680629633703,0.19977009326968842,-0.08025149769444878,0.23912687232803778,True,0.2021660623071804,True,False,1.0,True,1,1
2021-08-04,432.64871925,-0.01217714535756052,0.23794225978524453,0.24694478699543207,0.20590944756069218,0.2276289462852464,0.15001938722741667,8,-0.03203281222455234,0.4110362434424933,0.6670792642552213,-0.8434443883786842,-0.35918446173267016,0.19573457070765385,-0.07946814641229982,0.2391486897030022,True,0.20233811026032777,True,False,1.0,True,1,2
2021-08-05,433.97787265,0.0030674213198581502,0.2334860683453475,0.24618422790770533,0.20440087183995637,0.22686928824779054,0.12064408208165496,8,-0.029085196505391125,0.6905348022266037,0.6150041511274194,-0.9687971375996369,-0.38611091746634535,0.19131596976045465,-0.07945919929898863,0.23919129984290952,True,0.20251015821347512,True,False,1.0,True,0,3
2021-08-06,434.19379047,0.0004974081362569573,0.22381306797597292,0.2459262589134344,0.1979398433859227,0.22046816890635149,0.11846278735838515,8,-0.02587322459005023,0.9983082975305583,0.5481281275990469,-1.1272280002722372,-0.6719039078385968,0.19098786181799973,-0.07928806182613456,0.23939270862441808,True,0.2025555110643083,True,False,1.0,True,1,4
2021-08-09,428.41561551,-0.013397167579890883,0.2274683138061677,0.24668359995853173,0.20438232224675204,0.21520492031399668,0.1420819271122344,8,-0.023085991559415653,1.2529247851026366,0.6039246282898716,-0.9464018121562779,-0.9051468924935502,0.1945406267261609,-0.05077871283659218,0.23588217324347605,True,0.2026008639151415,True,False,1.0,True,1,0
2021-08-10,434.81047928,0.014816467656976797,0.23334049570563056,0.2480825252204317,0.20866263879329197,0.21894330538785842,0.15661852289455536,8,-0.02467785691233859,1.0504420035219286,0.675348057114279,-0.7624356555599072,-0.7343676756401198,0.19672720540420685,-0.05190016492515382,0.23588515460940318,True,0.20265733378742917,True,False,1.0,True,1,1
2021-08-11,436.14061908,0.003054455839495581,0.23136202826183325,0.2468971345189336,0.20527882280794438,0.22321362591726257,0.17541343894641748,8,-0.02608320545388887,0.886231934153807,0.587876800055832,-1.0132622985283024,-0.5482306778006404,0.1995543159127515,-0.051907085389742584,0.23589254200749926,True,0.2027138036597168,True,False,1.0,True,1,2
2021-08-12,435.12074638,-0.0023411417199329767,0.22703777183598586,0.246872106602177,0.20191829008001758,0.21737354607215006,0.23436899165902667,8,-0.025119481755968287,0.9635374652693016,0.585167317027099,-1.0285944750877072,-0.8197898584436588,0.20842234501971635,-0.051096327137368974,0.2358293018636112,True,0.2027659040728323,True,False,1.0,True,0,3
2021-08-13,438.20739851,0.007068740428521971,0.22842002295883856,0.2384803279700185,0.19791746236078905,0.21275660163082807,0.3561946239231631,8,-0.03050256059804951,0.40804347705358535,0.6410961769846031,-0.8466831687766397,-1.037459791723219,0.2267472220361215,-0.03995170095520229,0.23487612265004207,True,0.20281800448594775,True,False,1.0,True,1,4
2021-08-16,432.15103405,-0.01391716788544082,0.21087624535681568,0.24015314444316646,0.18603292850914874,0.21118227621128283,0.5906837806276046,8,-0.02484331684766694,0.9678888113044432,0.6463053702525393,-0.8115204111803292,-1.0744828753056233,0.26201882193205256,-0.03735438252114833,0.23537526132636633,True,0.20291325453532869,True,False,1.0,True,0,0
2021-08-17,420.45061114,-0.027448123183482626,0.22650820378663167,0.24353887684218228,0.203111242715832,0.21618988124207597,0.8094906208587761,8,-0.023396961070799666,1.0926678758936106,0.9272742631062677,-0.009023374857199487,-0.8262273602621573,0.29493150510935795,-0.04655996779759145,0.23585158656591448,True,0.20300850458470962,True,False,1.0,True,0,1
2021-08-18,412.01403973,-0.020269594032245486,0.23755480030616463,0.24621900511057296,0.21017949408110384,0.242263688653212,0.8206208993946766,8,-0.02737530622506079,0.6983498239017857,1.0839891485301179,0.43743961871575704,0.35989120870948665,0.29660570931037944,-0.054301706767755656,0.23596731838701365,True,0.20301577639939616,True,False,1.0,True,0,2
2021-08-19,404.30104971,-0.01889765277604056,0.24097541009214377,0.24909733908014448,0.2048205355568789,0.2470477194493339,0.7914798244768488,8,-0.036154874535264864,-0.17079171716640104,1.1973536770826556,0.7540901665529574,0.5643022589459724,0.29222234101529654,-0.05624167916589225,0.23597552490076473,True,0.20302304821408274,True,False,1.0,True,0,3
2021-08-20,412.52187917,0.020129471772823256,0.24672597665470772,0.25227805754168353,0.2148787824908892,0.2485468261192259,0.7197780615339915,8,-0.03184719416381851,0.297905078896894,1.2957773650565818,0.9992233996578515,0.6121951023328446,0.2814370410470722,-0.05265208776603983,0.23599207411303935,True,0.20302600830667616,True,False,1.0,True,0,4
2021-08-23,422.15682545,0.02308762450964411,0.22165755450592609,0.2496867392547506,0.1872037132336525,0.2515094280128923,0.6226053161217311,8,-0.03445384127227358,0.024888935402767595,1.4101101021281621,1.2884777683591102,0.721349906702895,0.2668204240352652,-0.06112236816952671,0.23729422055530408,True,0.20302896839926962,True,False,1.0,True,0,0
2021-08-24,425.88029617,0.008781442586893343,0.22159034809857295,0.25025644336737213,0.19240245664222166,0.2583997642502718,0.42830852314549417,8,-0.029187891456351284,0.5723141943991187,1.1979682539767644,0.6853818239916477,1.016871233912926,0.23759451508819027,-0.06110591843635482,0.23729377376051347,True,0.20310788033446525,True,False,1.0,True,1,1
2021-08-25,427.20398684,0.003103308216273064,0.21742607837558628,0.25011311039311995,0.19347608016377005,0.24677139112585306,0.3237762282000234,8,-0.02394999821181623,1.1000151853537592,1.0552332760135705,0.28548458406730676,0.4795081156185592,0.22187088276617484,-0.061199283353777334,0.23732616992192881,True,0.20318679226966088,True,False,1.0,True,1,2
2021-08-26,425.44249755,-0.004131822105065868,0.2152146183131076,0.24878338369258893,0.18783716130808462,0.2353666668849605,0.2837132297149904,8,-0.027377457005022976,0.7363269077975281,0.9211666975132401,-0.08045001144145672,-0.04405085413470304,0.21584465079427823,-0.06137416153249716,0.23732265346909195,True,0.20320458340837372,True,False,1.0,True,0,3
2021-08-27,432.47327415,0.01639073260177321,0.22025249987392082,0.24430990939289832,0.1931563579064328,0.22701759287592707,0.27977828314767667,8,-0.027096141967488024,0.7435356636912146,0.8744218196876397,-0.19043236850950018,-0.42522064282169936,0.21525276047881642,-0.05982148290495156,0.2373802837139064,True,0.20322237454708658,True,False,1.0,True,1,4
2021-08-30,436.87904357,0.01013583802355699,0.22034078599365753,0.24338799936501887,0.19849485288676805,0.23108216279586868,0.2764040587152278,8,-0.02184593310688948,1.2522774988189016,0.6358545269973074,-0.8331970922823118,-0.22900667579889647,0.2147452133674145,-0.05933925822494246,0.23736146969281102,True,0.20330193385581655,True,False,1.0,True,1,0
2021-08-31,436.71030929,-0.0003863011414824464,0.21738179370197303,0.24338871076772325,0.19608511304742812,0.2272700897738805,0.30185980148182767,8,-0.021296680654544903,1.282992450899476,0.5820883815413304,-0.9529631676932506,-0.39029763199774503,0.21857423807173787,-0.05918378644113565,0.23737699117849959,True,0.2033814931645465,True,False,1.0,True,1,1
2021-09-01,427.30813861,-0.02176467840836274,0.22661667090773985,0.24709353424473754,0.2017783271015117,0.2201115273402991,0.38059511579095734,9,-0.024838343806228153,0.914634841210671,0.8436970665623338,-0.21727588626805439,-0.7045559955936666,0.23041751706605137,-0.062386309529333266,0.23755363199218715,True,0.20340121292638744,True,False,1.0,True,1,2
2021-09-02,429.97728456,0.006226991624089246,0.22743159753557138,0.24717436164247067,0.19746746431794016,0.2343340267176317,0.37413348022733584,9,-0.029964133217631223,0.4068647796781582,0.853969197916122,-0.18040670591022412,-0.07058523613827102,0.22944556498316404,-0.06237356190670367,0.2375528787674254,True,0.20342093268822836,True,False,1.0,True,0,3
2021-09-03,432.93908383,0.006864653422604694,0.22872640820364132,0.24674315999575278,0.20051459858138113,0.22695431985934,0.41253360758353275,9,-0.028211809622260192,0.57452059792116,0.7405562061721208,-0.5024169474304337,-0.41467769396816156,0.23522166971694392,-0.060764756279330825,0.23749510082459974,True,0.20357344236317856,True,False,1.0,True,1,4
2021-09-07,427.76169284,-0.012030786024764551,0.227767407229798,0.24682182833064956,0.20209905661555239,0.2217409272618952,0.5109928041511852,9,-0.025668350614245605,0.834229631035537,0.76342936381889,-0.45159944836529026,-0.6597041873535,0.25003179329031805,-0.05070346067954439,0.2365576664728377,True,0.20372595203812877,True,False,0.0,True,0,1
2021-09-08,423.02647051,-0.011131492959243377,0.22510710852668528,0.2478250005030578,0.19644541255687362,0.2219381147178159,0.6219969302162996,9,-0.028661695969811662,0.5398625200755879,0.8244245045187423,-0.29527564100336495,-0.6580945318079365,0.266728911299494,-0.05299037828384842,0.23628208642037168,True,0.20381718279579672,True,False,0.0,True,0,2
2021-09-09,428.31092984,0.012414648291649242,0.22912357383089557,0.2326538207366079,0.20576319972247195,0.22113985114283963,0.7599724337714104,9,-0.02336037410842362,1.0382307204588175,0.6882150043521743,-0.6546864790067667,-0.7089764245176466,0.2874830341136655,-0.05231747126813761,0.23631274855028572,True,0.20390841355346467,True,False,0.0,True,0,3
2021-09-10,444.75536369,0.03767498306663687,0.26516607434205414,0.2439588621715737,0.23244395840753954,0.2217626023328934,0.9724845838317179,9,-0.0327221159345146,0.07579069690872758,1.2648798545044462,1.007664921096228,-0.6557713723920235,0.3194488769496266,-0.0253942263356043,0.2389449111295866,True,0.20396997233963854,True,True,1.0,True,0,4
2021-09-13,436.25528286,-0.019296803333414013,0.2727183181054639,0.22676042884281222,0.23937557308478666,0.27008201642302315,0.9725732823056786,9,-0.03334274502067722,-0.01702976373554759,1.4732966296991885,1.6915685675419956,1.6300386017470703,0.3194622188760887,-0.024710949344989342,0.238522330415189,True,0.20403153112581243,True,False,1.0,True,0,0
2021-09-14,431.72738296,-0.010433252070789689,0.27075147715980935,0.22752037020425037,0.23128368683273437,0.26612879767665926,0.9661227775716872,9,-0.03946779032707498,-0.7016943639434278,1.4564294355612328,1.7294781843631466,1.7174185517784055,0.3184919410802974,-0.023299940482772265,0.23844109672446548,True,0.20403973221061633,True,False,1.0,True,0,1
2021-09-15,440.14800708,0.019316718996341534,0.26175377376834014,0.2306943014761634,0.22288039835605306,0.25389267989040704,0.9756923311476624,9,-0.03887337541228708,-0.6652161263319195,1.516324891575216,2.0216794446972015,1.187144391391436,0.3199313827570821,-0.026492007421215467,0.2385458575995084,True,0.20404793329542023,True,False,1.0,True,0,2
2021-09-16,427.77700095,-0.02850901609368047,0.2712546281496009,0.23734295834966238,0.23654944674036235,0.2545838906386873,0.9904502385024991,9,-0.034705181409238534,-0.23982553354343777,1.6617806596325457,2.4198690283416897,1.2902337972400395,0.32215125087736846,-0.031873669856083274,0.23815523292272056,True,0.20415427312370174,True,False,1.0,True,0,3
2021-09-17,424.18808904,-0.008425070888702924,0.2645254545113387,0.2326248164880729,0.22651794834574684,0.2707781375654749,0.9794643482434731,9,-0.03800750616559184,-0.6474104099583834,1.2723210332560326,1.2213112452943076,2.222563275953969,0.32049876540143923,-0.03039618686180798,0.2381337669919809,True,0.20426061295198325,True,False,1.0,True,0,4
2021-09-20,411.14822125,-0.031223177966620143,0.27776217401098346,0.24109200097793587,0.24076006905320096,0.2564808310065956,0.9864453828344016,9,-0.0370021049577825,-0.579862499967319,1.4246166613469555,1.644125543700204,1.3918748903673495,0.3215488449121999,-0.037069839349326325,0.23847771465034945,True,0.20446105992204833,True,False,1.0,True,0,0
2021-09-21,412.23851901,0.0026483263427372673,0.26556338823431824,0.24102472849806317,0.2329160773975115,0.27786060509056904,0.9321405703273333,9,-0.03264731083680675,-0.08153023224455128,1.393668749650128,1.4857566861363074,2.5451947259899197,0.3133803750089748,-0.03100047557479963,0.23845016878554,True,0.20466150689211343,True,False,1.0,True,0,1
2021-09-22,424.7997892,0.03001586222374746,0.2844367682538689,0.24869741543211515,0.24518595268032514,0.2599851366507471,0.921161103147889,9,-0.039250815573543735,-0.9116740943191612,1.5014713421084362,1.7407750615765776,1.4564285537127666,0.31172885568558034,-0.02159257917208525,0.23916923818578298,True,0.20467836032669787,True,False,1.0,True,0,2
2021-09-23,422.77581289,-0.004775928311677563,0.28472852008282223,0.24875725993345232,0.2425868090462405,0.278073952343357,0.8081426322999266,9,-0.042141711036581736,-1.3074009636697137,1.2688307870246789,0.9980197415724692,2.330849484081551,0.29472874215954714,-0.016371797910269686,0.2388020760479501,True,0.2046952137612823,True,False,1.0,True,0,3
2021-09-24,428.00471286,0.012292161493905713,0.28767872476103773,0.24974441881662596,0.25206390647638666,0.26105311922929264,0.7566771407130336,9,-0.03561481828465107,-0.4990178741801072,1.2891729945666117,1.035946675157766,1.3511178331708609,0.2869873597723508,-0.015998932677604952,0.238815773202766,True,0.20472424621259933,True,False,1.0,True,0,4
2021-09-27,428.17096365,0.000388356727832355,0.2817372569829462,0.24844663306881146,0.24715290637972065,0.2528278171436787,0.7383095719562215,9,-0.03458435060322557,-0.3946427743932022,0.9399406491531398,-0.0806188564362372,0.8780631734544441,0.284224530371809,-0.01588188720576573,0.23889603612021376,True,0.20475327866391638,True,False,1.0,True,0,0
2021-09-28,423.76736649,-0.010337922882002819,0.2818297601024647,0.24857738815982255,0.24287319829196202,0.24096615334723917,0.7704885932476236,9,-0.038956561810502666,-0.9679446212828583,0.9818400428533947,0.028368103942714978,0.22240674439127334,0.28906486320418634,-0.015686571583396734,0.2388905887791936,True,0.2048816499845236,True,False,1.0,True,0,1
2021-09-29,419.14937814,-0.010957273260991187,0.28449764946232636,0.24928904415358705,0.24962426765614265,0.23620163916453732,0.826007415816741,9,-0.03487338180618371,-0.46515436667720533,0.5702692417730946,-1.3146190534442588,-0.05063110237324184,0.2974159431597483,-0.01634783139580608,0.23882335445938854,True,0.20501002130513082,True,False,1.0,True,0,2
2021-09-30,408.05833755,-0.026817219087077727,0.2898822759634231,0.25298443196024917,0.24875088672456327,0.23317127365746076,0.9045443779027668,9,-0.04113138923885981,-1.3236098512816796,0.9295938050722812,-0.15667016749176788,-0.23342773941795206,0.30922938623179524,-0.019287497669719753,0.23886668715350276,True,0.20501967624987244,True,False,1.0,True,0,3
2021-10-01,417.83093486,0.023666740276427272,0.300999347952141,0.2561519621478394,0.25387480634709353,0.2539353686997562,0.890896576096961,10,-0.047124541605047476,-2.099331938241979,1.0756783350951742,0.30726409674528915,0.8823035010574084,0.3071764989617878,0.06843683365981,0.22607965586167733,True,0.20502933119461408,True,False,1.0,True,0,4
2021-10-04,422.96926555,0.012222629481805747,0.30313231343517405,0.2544911646502467,0.25207696649727873,0.26251624471573326,0.8475464803693896,10,-0.05105534693789532,-2.4953905174476576,1.1350654977616486,0.4884642001334793,1.3061556353811563,0.3006558254541404,0.05224587229694941,0.22467094067333046,True,0.20503331828652274,True,False,1.0,True,0,0
2021-10-05,418.37222732,-0.010927985883008822,0.3026056523653165,0.2550751565228339,0.2554775355453137,0.25405169020896295,0.8348189908294367,10,-0.047128116820002786,-2.0070310896755568,1.1367502943694632,0.4796261447452616,0.8224293314367013,0.2987413705384332,0.05058453852337359,0.22410704221330457,True,0.2050373053784314,True,False,1.0,True,0,1
2021-10-06,414.00284686,-0.010498681974195793,0.3023205491004183,0.25594186296486204,0.2514119494101731,0.24664862328488812,0.8395044322744428,10,-0.05090859969024519,-2.454799255193455,1.129554750505312,0.4417704379346891,0.4046219810850434,0.29944614946427656,0.050528211510605374,0.2240880830496159,True,0.20506861185400066,True,False,1.0,True,0,2
2021-10-07,423.58802089,0.022888483755776883,0.3099301216136237,0.25953977247550253,0.2575620003347285,0.24078751583877678,0.8637610833377766,10,-0.05236812127889523,-2.457840675902724,1.0462571346970209,0.15436409534731443,0.06843377156610522,0.30309480811930983,0.04997184985009094,0.2240338597873629,True,0.2050999183295699,True,False,1.0,True,0,3
2021-10-08,426.76570291,0.007473823475191202,0.2808487079471777,0.25867301983896196,0.23920489919391305,0.25220674797658027,0.8640778104302244,10,-0.04164380875326465,-1.1427142034888726,0.8498119760841537,-0.4990604226992655,0.6682528682982968,0.30314244985864663,0.04623785735072775,0.22583108032231797,True,0.20521609501279042,True,False,1.0,True,0,4
2021-10-11,435.71294863,0.02074849431733311,0.282149743159024,0.2621446582096054,0.24165249631980742,0.24291141475349282,0.9056617080911629,10,-0.0404972468392166,-0.9782956327448066,0.9535967743565698,-0.18400836527368744,0.1355126470186604,0.3093974538043458,0.04670749687553929,0.2258351330701084,True,0.20533227169601098,True,False,1.0,True,0,0
2021-10-12,431.57428657,-0.009543997206788392,0.28175279990086366,0.2563589888496096,0.23721294054666067,0.2502858952849749,0.9363127705222468,10,-0.04453985935420299,-1.4283185524857058,0.963912382334133,-0.14996237723772204,0.5220249012261894,0.31400795275299054,0.0465896944285619,0.22583200421563357,True,0.2054019526367121,True,False,1.0,True,0,1
2021-10-13,449.46337392,0.04061471415098725,0.3089781939701234,0.26788587670477193,0.2559830133665353,0.24286315895110758,0.9925679230908367,10,-0.0529951806035881,-2.315993402154135,1.3899576242910212,1.2520581622437275,0.10186760584361217,0.3224697906536011,0.06570161651035963,0.22747508320965448,True,0.20547163357741322,True,True,2.0,False,0,2
2021-10-14,460.73995423,0.02477942446270886,0.30489891507311656,0.27262593717023303,0.2533994894276606,0.29219511391665054,0.9718226439447779,10,-0.051499425645455954,-2.048316170347549,1.3879867005956354,1.2098552261253823,2.6688562707091954,0.31934930868312145,0.06360203992378123,0.2275122070822464,True,0.2056784409634378,True,False,2.0,False,0,3
2021-10-15,470.60401381,0.021183212159600538,0.31260671186419314,0.27432694645626154,0.25422868109359403,0.2922812945475175,0.9275227502341347,10,-0.05837803077059911,-2.6573863549575147,1.4716668424737873,1.4358125310008052,2.4837499373153236,0.3126857676121646,0.06580859756091795,0.22763156573474422,True,0.20588524834946234,True,False,2.0,False,0,4
2021-10-18,469.97399292,-0.001339646429566682,0.29233883544840134,0.27293926527028844,0.23159561330650463,0.2872786770963409,0.8666096267518717,10,-0.0607432221418967,-2.7035925315171463,1.3776220117136353,1.1067445737286103,2.105901928813738,0.30352328287268526,0.06629446545486714,0.22851750628255185,True,0.20588959462133613,True,False,2.0,False,0,0
2021-10-19,467.72071948,-0.004805994418649416,0.29268524472631274,0.2616108032431258,0.23207939006488304,0.26872082382152784,0.8544042279512079,10,-0.0606058546614297,-2.5014384453381666,1.4197520686322476,1.2248892863213638,1.1645779063070603,0.301687360269194,0.06758224481465822,0.22795765738575227,True,0.20589394089320992,True,False,2.0,False,0,1
2021-10-20,470.91994657,0.006816750209533057,0.27367527349057724,0.2613456924109611,0.2245810485256603,0.2552690029258765,0.879000712564323,10,-0.049094224964916944,-1.306351236061131,0.9148023206680583,-0.36197720446931836,0.5446061937479079,0.305387136311349,0.06367133490482786,0.22866530780767624,True,0.20590461617714495,True,False,2.0,False,0,2
2021-10-21,453.35536316,-0.03801183066406637,0.30465798288901597,0.27151483461273634,0.25359641660980414,0.24594646690479352,0.9549470143330367,10,-0.05106156627921182,-1.4532601430300673,1.159048645854972,0.42395279573682215,0.10020542366084872,0.3168108951205382,0.04138173688411866,0.2307124218795372,True,0.20591529146107998,True,True,3.0,False,0,3
2021-10-22,447.9093396,-0.012085439115419198,0.3045537557701416,0.2719248491584225,0.25058286982977296,0.288372339544227,0.7885147875742822,10,-0.05397088594036864,-1.6645136802068365,1.0644453053878522,0.13148235358102153,2.0847723890722443,0.29177634344008313,0.04207620767463929,0.23070049866747103,True,0.20597618802498124,True,False,2.0,False,0,4
2021-10-25,451.39881791,0.007760400688724776,0.3057939010628859,0.27165968637264054,0.2548341217517387,0.27488254458886147,0.6435699548639827,10,-0.0509597793111472,-1.3447497275068485,1.0840480498734757,0.20163339345457068,1.394121152082274,0.2699739018338632,0.042425198734471106,0.23070038012151606,True,0.2060370845888825,True,False,2.0,False,0,0
2021-10-26,447.58562975,-0.008483374854252474,0.30507393680834566,0.2714456253539912,0.25069686314500866,0.26173804478231133,0.5765702176063005,10,-0.054377073663336994,-1.5938968525322545,1.1002009623326856,0.23184054403162527,0.7570589054776665,0.25989587537456676,0.043226245232346056,0.23068879240305817,True,0.20621472157239218,True,False,2.0,False,0,1
2021-10-27,437.97786809,-0.021699491181311387,0.3122343087016718,0.2742772443551031,0.2560149756679079,0.25224322620811107,0.54294976044061,10,-0.05621933303376392,-1.6868301330660782,1.2123986241351905,0.5732664643101241,0.2992854793643204,0.25483872335042773,0.04003835585978522,0.23079830829601608,True,0.20639235855590185,True,False,2.0,False,0,2
2021-10-28,442.31376443,0.00985112488724568,0.2994187192667756,0.27388465875157325,0.24926262304270252,0.2598430984040633,0.39727069179326846,10,-0.05015609622407308,-1.111122122787961,0.7540051135270358,-0.9435828726306672,0.6311142325417304,0.23292583878571646,0.037538562989308695,0.23114499174579664,True,0.2064119368751528,True,False,2.0,False,0,3
2021-10-29,435.08694881,-0.016473611075435712,0.29328060250538585,0.27588599748876846,0.2486615978329403,0.2518086161759699,0.31722930549168254,10,-0.044619004672445534,-0.6015302676270601,0.8020536423674159,-0.8043945861412911,0.2367279433681716,0.2208861018852011,0.036275789030594724,0.21718896249031563,True,0.20643151519440373,True,False,2.0,False,0,4
2021-11-01,437.30387299,0.005082421540243546,0.29061423718640966,0.2760806670242945,0.24515115943358978,0.25232867914504603,0.19156358177662183,11,-0.04546307775281988,-0.651082085306184,0.7871729810254158,-0.8826819795550338,0.23929709711876626,0.2019836025551488,0.03294557213336742,0.2115661719703739,True,0.20644362811533307,True,False,2.0,False,0,0
2021-11-02,434.84876471,-0.005630011671905083,0.2887062770717278,0.27495423077319653,0.24495553361143296,0.2434883047122246,0.13092351434472022,11,-0.04375074346029484,-0.4749436895312296,0.7732280859548311,-0.9511572777447602,-0.20999684718282519,0.19286219060510187,0.03291602713222888,0.21156780578837106,True,0.20645574103626244,True,False,2.0,False,0,1
2021-11-03,430.82810373,-0.009289124008541726,0.2881835174700608,0.2739347029610281,0.23938681246261112,0.2370349541845974,0.09742871490384596,11,-0.0487967050074497,-0.8986546780560165,0.5865501141781281,-1.5772460967519655,-0.5475200462362751,0.18782393987710735,0.033091089775675105,0.21157020365215687,True,0.20647062150611764,True,False,2.0,False,0,2
2021-11-04,430.74783811,-0.00018632279833815754,0.27649458455547643,0.2738634377793568,0.23068840242750008,0.23432709476086128,0.07141595197449485,11,-0.04580618212797635,-0.6031508377368013,0.5282333368354083,-1.7630413407976044,-0.6970168717504811,0.1839111288152797,0.03500984238220459,0.21094578435901193,True,0.20648550197597285,True,False,2.0,False,0,3
2021-11-05,433.04648291,0.005322216574038337,0.27586654650887066,0.274038558856417,0.2340512221619952,0.22875371007771272,0.06449329775123089,11,-0.04181532434687546,-0.21616483810928327,0.33993088092288065,-2.3250422443402328,-0.9971296753471869,0.1828698308149265,0.03491797766689209,0.21094804489390911,True,0.20648974868311828,True,False,2.0,False,0,4
2021-11-08,438.82446426,0.013254406418317174,0.2699844631147439,0.2750002235867774,0.22789720401479863,0.22565537867488472,0.07257307250734774,11,-0.04208725909994526,-0.22471811668922337,0.46326225348601474,-1.877253402985717,-1.1843117406353256,0.1840851816074845,0.03308719858491168,0.21104129649134,True,0.20649399539026372,True,False,2.0,False,0,0
2021-11-09,436.51768307,-0.005270593989038363,0.26850311065258475,0.27373035580433835,0.23150078968245846,0.22930279815929627,0.08409165428285284,11,-0.03700232097012629,0.2722576037209081,0.4625715369497587,-1.8403689062091309,-1.0366322801212164,0.1858177939528232,0.03331390673927919,0.21104458269539864,True,0.20653934265778723,True,False,2.0,False,0,1
2021-11-10,431.81266368,-0.010837040199138837,0.2297591989616023,0.2688071501643782,0.19647044871719552,0.22578161233382996,0.11074604852600096,11,-0.03328875024440678,0.6509285069636714,0.49357055967538,-1.6774636925296118,-1.2463715395746378,0.18982711848802,0.04184287898280988,0.21465121744118162,True,0.2065846899253107,True,False,2.0,False,0,2
2021-11-11,439.13492655,0.016814870322764745,0.2204884608025049,0.26780439568983894,0.18666394538667516,0.22676667973575684,0.13940837800325367,11,-0.03382451541582973,0.6156172542532888,0.666414343447558,-1.1032983413236452,-1.1674605920934367,0.1941384744228331,0.03908656368992099,0.21486122038300767,True,0.20674814239407668,True,False,2.0,False,0,3
2021-11-12,444.28717828,0.01166443565140933,0.2113658597694167,0.2660652796232769,0.18433942946640305,0.23403861410968524,0.16277786031501484,11,-0.027026430303013632,1.246988714050286,0.7256956581066336,-0.8914439969146626,-0.7683693455276782,0.19765368613436834,0.03735730731653039,0.2150128776068268,True,0.20691159486284263,True,False,2.0,False,0,4
2021-11-15,439.95432249,-0.009800242275837942,0.21415666668828334,0.26361392092077374,0.18277146144891157,0.2333295076264775,0.20554726808633034,11,-0.03138520523937177,0.8267318762493499,0.6918947587350707,-0.9631495731950551,-0.7880352301427247,0.20408701320115968,0.03632961023754803,0.2150102333611145,True,0.2072033186960915,True,False,2.0,False,0,0
2021-11-16,435.53214866,-0.010102295317889082,0.2164669919874441,0.2601579803831286,0.18671455761118946,0.23112655829793735,0.26296150020722103,11,-0.029752434376254633,0.9704837155247854,0.7394812160927924,-0.7886764615153702,-0.8796218395921087,0.2127231985675162,0.034266222147970475,0.21491579268161765,True,0.20749504252934034,True,False,2.0,False,0,1
2021-11-17,426.8580603,-0.020117067190523922,0.2266531167061158,0.2627889303651909,0.1893625899752757,0.22966564384909652,0.3382674098512954,11,-0.0372905267308401,0.26557154957820184,0.863471256744396,-0.38730535377634556,-0.9259683155546446,0.22405063030080033,0.027997318257441922,0.21462755644489964,True,0.2080363937494299,True,False,2.0,False,0,2
2021-11-18,430.21330673,0.007829601359965433,0.18422355438183613,0.2632015290454796,0.15851964903546029,0.2405330634344562,0.3460554597248065,11,-0.025703905346375844,1.3905081014450764,0.7629833652025353,-0.6822914246746548,-0.35908994314323894,0.2252221001588044,0.02201107971428578,0.21852264784075395,True,0.20857774496951942,True,False,2.0,False,0,3
2021-11-19,439.4955576,0.021346461372078622,0.19452364644880912,0.2666780130054327,0.17096471158203203,0.23485910245546152,0.3959504038653669,11,-0.023558934866777098,1.577999637433878,0.890825783524333,-0.28432524153177996,-0.651110915202698,0.23272724253421018,0.02592382872860376,0.21854476735668868,True,0.20864118392128428,True,False,2.0,False,0,4
2021-11-22,439.40472349,-0.00020669946813709568,0.19256470923063876,0.264554316502688,0.168696961804945,0.24601077098884036,0.4104750689764627,11,-0.023867747425693753,1.5320795334079873,0.8586210315612285,-0.38318661860886405,-0.09332776867353906,0.23491202661387103,0.010150316445399949,0.2161189598044609,True,0.2087046228730491,True,False,2.0,False,0,0
2021-11-23,442.03149619,0.005960228131178248,0.19136870509268308,0.2640202655656099,0.17265983357596756,0.23649819520513984,0.48015367962234706,11,-0.01870887151671552,1.9994370874546887,0.831932054702947,-0.479827172291836,-0.5953376241728481,0.24539300624869373,0.009363411899923822,0.21609656801020813,True,0.2087771381223764,True,False,2.0,False,0,1
2021-11-24,446.6333029,0.010356768599678127,0.17899875695496772,0.26487086858280157,0.15822678152525332,0.23071595221254987,0.6348557065951523,11,-0.0207719754297144,1.8013266794303073,0.6884754665273194,-0.9391594202234801,-0.9031492793483507,0.2686631142364673,0.005638143030172092,0.21635386074861268,True,0.20884965337170366,True,False,1.0,True,0,2
2021-11-26,428.72604699,-0.04091977664622778,0.22784992117128355,0.27422550935489237,0.1996610223565561,0.22926812898001978,0.8986333021508746,11,-0.028188898814727442,1.1156037348009458,1.2342421497396334,0.7529226718981306,-0.9969794450263181,0.30834024874754873,-0.03204729696249251,0.2217484044022452,True,0.20891338845504762,True,True,2.0,False,0,4
2021-11-29,433.73140571,0.011607331821256497,0.2240397291410052,0.2749593421502599,0.19465168425582813,0.2850623346115702,0.6712196347773614,11,-0.029388044885177073,1.0000820848795544,1.1407365499599371,0.44503909171765893,1.8620301214891608,0.27413293614001877,-0.044769524985375675,0.22034610708338698,True,0.20897712353839157,True,False,2.0,False,0,0
2021-11-30,427.62806955,-0.014171640255011185,0.22890796274161035,0.2761308202709444,0.20092214639143394,0.27121737989323275,0.5296324636251021,11,-0.027985816350176412,1.1321115634435681,1.1928896605788828,0.5863542519082541,1.1106462507269181,0.25283555027593024,-0.046074551759624646,0.22039400410486207,True,0.2090382893592111,True,False,2.0,False,0,1
2021-12-01,424.39264417,-0.007594747121862218,0.2296219569792858,0.2754679281943441,0.19638634452833792,0.2631793869928238,0.37224228170610113,12,-0.03323561245094789,0.6548890781929745,1.2018977340298413,0.5928764440198515,0.6699285955984822,0.22916109299093093,-0.046924460570071935,0.22037315151463457,True,0.2090994551800306,True,False,2.0,False,0,2
2021-12-02,429.43963509,0.011822110323171233,0.23108444651112128,0.2755887489050466,0.20097249904230316,0.25202815362179853,0.27224556244410425,12,-0.030111947468818123,0.9589985384160389,1.2103134482203506,0.5990950830470757,0.06131041632828432,0.2141196969524757,-0.046616805267288564,0.22037553365172025,True,0.2091833782810074,True,False,2.0,False,0,3
2021-12-03,426.27540386,-0.0073955592880230216,0.23256984357375218,0.2748300491284633,0.20121596164321526,0.2467461495903075,0.20982948953930725,12,-0.031353881930536925,0.8664373031579936,0.6262240646145711,-1.2310029862157046,-0.24862179604012685,0.2047311402212656,-0.04679019996065155,0.2203766131020029,True,0.20926730138198418,True,False,1.0,True,1,4
2021-12-06,433.07768359,0.015831494419588813,0.23851591349688914,0.26574937392813397,0.20490690287253818,0.23954277307309335,0.17398649625701618,12,-0.033609010624350955,0.6482529924047425,0.7086120263218245,-0.9412595678193448,-0.6701561686188067,0.19933967676984893,-0.04563410681745736,0.22043017444805094,True,0.20927286662644967,True,False,1.0,True,1,0
2021-12-07,433.41623399,0.0007814259520086233,0.2338460515759545,0.26279527121933,0.2018408452422591,0.2417967490164867,0.1395094328857858,12,-0.03200520633369541,0.8015837518719726,0.6061041531915898,-1.2231811318323333,-0.5222506603608685,0.19415367498662162,-0.04603815441097971,0.22036375437871522,True,0.20927843187091516,True,False,1.0,True,1,1
2021-12-08,438.7024614,0.012122873132372952,0.23703524100161064,0.26309964282174025,0.20161614238037728,0.23362470266503876,0.13530066364644566,12,-0.03541909862123335,0.46090239662669547,0.6569019641436316,-1.0310405473840343,-0.9475700813842123,0.1935205965673435,-0.045318568395321154,0.2203826924880058,True,0.20945443273133135,True,False,1.0,True,1,2
2021-12-09,432.69040035,-0.013798957302942387,0.23896678583971068,0.2616371142066039,0.20411024522567164,0.23334012051182437,0.14308834859938088,12,-0.03485654061403903,0.508131532773019,0.6882214977443575,-0.9042909888337396,-0.9374286020321579,0.19469201153439766,-0.045716868590835624,0.22038886751942088,True,0.20963043359174754,True,False,1.0,True,0,3
2021-12-10,428.18197944,-0.010474170697881506,0.23436067592774157,0.25593191554339156,0.20433823497932946,0.23479102900261845,0.13994624495451807,12,-0.03002244094841211,0.9650780054711995,0.7330292181165236,-0.7388477443208009,-0.8340596051419065,0.1942193797754254,-0.047532104362107294,0.2202634764534089,True,0.2096950416294573,True,False,1.0,True,1,4
2021-12-13,428.06749617,-0.000267406343462233,0.2306761436616274,0.2553494117434691,0.20165096210630143,0.2325660449031021,0.14034419638112328,12,-0.029025181555325963,1.0375986398490766,0.5883094146472606,-1.1849651844372047,-0.9254191661492326,0.19427923918937232,-0.04616359938237581,0.22023315526200676,True,0.209759649667167,True,False,1.0,True,1,0
2021-12-14,425.28082264,-0.006531174607880402,0.22921341162239584,0.24756403930157939,0.197874787918129,0.2263879084495741,0.16957015089821972,12,-0.03133862370426682,0.8029093326800969,0.6346614173159264,-0.999541883887738,-1.2252600675136178,0.19867537498000515,-0.04599785802466443,0.22020708634326486,True,0.2098218556535022,True,False,1.0,True,1,1
2021-12-15,417.82980552,-0.01767552408883768,0.23492429016548258,0.25014131553340646,0.20142581939890514,0.22345573764624724,0.22433967186947462,12,-0.03349847076657744,0.5988587440688838,0.7265080598327059,-0.6607370798913038,-1.3447896188626838,0.2069137458170193,-0.04728634464180666,0.22019146353351765,True,0.20988406163983742,True,False,1.0,True,1,2
2021-12-16,429.87297912,0.028415581870548167,0.24548738920461347,0.24935506738466726,0.20795055852711664,0.23226504518396834,0.23938302692150254,12,-0.03753683067749683,0.21068355015395743,1.0155300120904354,0.3839111500231824,-0.8323410703454261,0.20917655066456434,-0.04161938311783184,0.2204314291320452,True,0.2098856000720432,True,False,1.0,True,0,3
2021-12-17,428.96484673,-0.0021147944376082584,0.2440245816593488,0.2492005892054976,0.21113731103524333,0.2570362885781458,0.14278027953620145,12,-0.03288727062410546,0.6375514508882013,0.9732279482342682,0.2530424585340147,0.5607738723362696,0.19464567212625833,-0.0425110500195961,0.22039049265696067,True,0.209887138504249,True,False,1.0,True,1,4
2021-12-20,428.74956555,-0.0005019880310708071,0.23196920430916845,0.2479261657088451,0.20204074459210583,0.2448562080445494,0.09452810261895728,12,-0.029928459717062622,0.9046020861834637,0.9783063038657904,0.2953155651729495,-0.10919746379566449,0.18738763298171107,-0.04252632042437039,0.22072188554375702,True,0.2099094212968784,True,False,1.0,True,1,0
2021-12-21,433.89726732,0.011934809650461117,0.23580482056678492,0.24912847460087215,0.20207572169946503,0.23543550477741942,0.07448748773399516,12,-0.033729098867319895,0.5435466140204469,1.014345586014581,0.42379215818615146,-0.6236205595981832,0.18437314583089673,-0.047411358903337975,0.21994492354908476,True,0.20993170408950781,True,False,1.0,True,1,1
2021-12-22,438.35891626,0.010230223496255884,0.23764467411551665,0.2491098013220027,0.20195351494722996,0.23401980015270585,0.06221783552075526,12,-0.03569115916828669,0.3526581675245548,0.92752822049146,0.10570084883956886,-0.6945731675236808,0.18252755830007072,-0.045273155197060516,0.21986148800672792,True,0.21002796306499616,True,False,1.0,True,1,2
2021-12-23,438.48421278,0.0002857900500172907,0.23478609581712942,0.24809630476281103,0.19891764463973233,0.23141071707118377,0.05869591658141635,12,-0.03586845117739709,0.33769678272969045,0.45416304750128206,-1.6245473069601402,-0.8339890740554431,0.1819977951441102,-0.044817834766517885,0.21986718843757383,True,0.21012422204048448,True,False,1.0,True,0,3
2021-12-27,446.28792382,0.017640504451198566,0.19480163673118026,0.24461863767795988,0.1716238421999733,0.22513308721328676,0.06992552209837284,12,-0.02317779453120697,1.4795260230249114,0.6859354891737851,-0.7558751895562191,-1.1695278586262874,0.18368693999988905,-0.05621118106883127,0.22351747325467175,True,0.21029348638782766,True,False,1.0,True,1,0
2021-12-28,442.60672826,-0.008282683659765007,0.19265117090299225,0.2403620780473985,0.1699832989354424,0.23313601397132144,0.07068552645421415,12,-0.022667871967549852,1.4680219537834303,0.7395582370481287,-0.540404547389006,-0.7034445209572655,0.18380125901546807,-0.05543531847986074,0.22199944908677616,True,0.21046275073517084,True,False,1.0,True,1,1
2021-12-29,440.48988833,-0.004794139043553022,0.18674459365428064,0.23925511734064378,0.16280257507211066,0.229069029712823,0.07633521722502234,12,-0.023942018582169988,1.3052811808994442,0.6684634844101897,-0.7733295506426155,-0.8984272916620536,0.18465107925962906,-0.05487680049844573,0.2220811111086639,True,0.21057124144128225,True,False,1.0,True,1,2
2021-12-30,438.67656828,-0.004125095100513662,0.18536768786244087,0.23835459386600294,0.16117018988076598,0.22409497131224843,0.09571059351266015,12,-0.024197497981674893,1.2376052217595193,0.61030966915911,-0.9539701486884532,-1.1361490948857493,0.1875655019555666,-0.05515167923215917,0.22192959743096982,True,0.21067973214739363,True,False,1.0,True,0,3
2021-12-31,445.59209223,0.01564154708431844,0.18889908829176114,0.2395360979881924,0.16687043440196428,0.2200446725674459,0.13694777287425364,12,-0.022028653889796856,1.3834056117332996,0.763967588669041,-0.37150212028220353,-1.3144960597296855,0.19376835291772077,-0.05366355712972041,0.2219333965194167,True,0.21069539652975922,True,False,1.0,True,1,4
2022-01-03,441.61075088,-0.008975102157196338,0.18975952780554023,0.2356173917048617,0.16876029979181476,0.22649290347360934,0.1797507085222561,1,-0.020999228013725474,1.4260169605752122,0.6275660574110676,-0.8465255834900919,-0.945399846478793,0.20020672321068297,-0.054546394189846595,0.22189005787995633,True,0.21071106091212477,True,False,1.0,True,0,0
2022-01-04,446.90698147,0.011921637856957058,0.18612211780651453,0.2363850215296847,0.16554662667806258,0.22426856455445782,0.2406894509171573,1,-0.020575491128451945,1.4099723067141035,0.676461663674657,-0.6536957464015226,-1.0320223080400859,0.20937306151869844,-0.06338832883243102,0.22114529843099073,True,0.21074445259903538,True,False,1.0,True,0,1
2022-01-05,440.96840879,-0.013377240329272918,0.19206385886957264,0.23413963927885115,0.1726939281988889,0.22510457504476353,0.3363693715918835,1,-0.019369930670683738,1.459322723040638,0.780901508906284,-0.2606786592439357,-0.9638081550903377,0.22376512948270696,-0.06478571158716076,0.22122271207042132,True,0.21077784428594598,True,False,1.0,True,0,2
2022-01-06,435.1298154,-0.013328824708745851,0.19306802991315056,0.23491480021584496,0.1757308268494477,0.2271403187702413,0.4258375662972216,1,-0.017337203063702844,1.5691566854570695,0.8674685623913829,0.0626110768059286,-0.8316733029162131,0.23722283648890122,-0.06602012222736443,0.22117291497949598,True,0.21079938508255464,True,False,1.0,True,0,3
2022-01-07,440.66658679,0.012644137704930615,0.1920689926036234,0.22119743229508043,0.17161874160985463,0.22848542530474594,0.5115754563608411,1,-0.020450250993768765,1.2638660926993794,0.872578463388806,0.11703204467329106,-0.7446508902147358,0.25011943519200036,-0.06612463408104222,0.22117463229000756,True,0.2108209258791633,True,False,1.0,True,0,4
2022-01-10,434.95915864,-0.013036411983263378,0.19403484021740092,0.21694055021791725,0.17598405732243552,0.22867316432665372,0.6446925856272356,1,-0.018050782894965395,1.4208340102001433,0.9419664181996604,0.42446491402654635,-0.7192887984651677,0.2701427667130279,-0.055217295487177055,0.2201651927818654,True,0.21100160104522306,True,False,0.0,True,0,0
2022-01-11,442.56397356,0.017332888518257435,0.2035534916132327,0.21550021955023846,0.18241861698533948,0.22916027913821932,0.7821530821861139,1,-0.021134874627893208,1.132374095237159,1.0348923912111403,0.8627839762435231,-0.6792761775941673,0.29081942274378814,-0.051874145544525366,0.22036385900367794,True,0.21118227621128283,True,False,0.0,True,0,1
2022-01-12,457.08887891,0.03229282836118447,0.23245681861949705,0.22541667971212198,0.19633144624459092,0.2347008171064437,0.9251813201950246,1,-0.03612537237490612,-0.23207215748940738,1.354881804917746,2.2007410672531016,-0.319493677863729,0.31233357229241304,-0.034588419119144856,0.2222437866695325,True,0.21132503843931433,True,False,0.0,True,0,2
2022-01-13,454.12543633,-0.006504404020788324,0.22501711008902164,0.2255955677480263,0.19264816081800964,0.2660597290933047,0.9299916449439098,1,-0.032368949271012,0.07543477645648587,1.3033634840760313,2.0318003380904393,1.692249950582477,0.31305713602685903,-0.03455304942004335,0.2223283520995768,True,0.21146780066734583,True,False,0.0,True,0,3
2022-01-14,441.80527349,-0.027504224066954408,0.22358570312903694,0.23211079266505424,0.19655702414182014,0.25226886150915506,0.9641175426435212,1,-0.02702867898721681,0.5717473624190547,1.4706632230230876,2.5499578362856106,0.813678334113154,0.3181903158577172,-0.03089979407243321,0.22216870462811505,True,0.21167577716621894,True,False,0.0,True,0,4
2022-01-18,438.16871372,-0.00826519993776774,0.2253773844962707,0.21930289547068407,0.19580252380778546,0.2679383395952265,0.9456570114315438,1,-0.02957486068848525,0.29091372148044564,1.5219567245653567,2.60483442133278,1.7520187682707922,0.31541350314737115,-0.030863952778202846,0.22216411775893097,True,0.21188375366509207,True,False,0.0,True,0,1
2022-01-19,446.91140798,0.01975635518143726,0.23602911118352343,0.22162949721073844,0.2030449674400734,0.2548988410583077,0.9495758842571149,1,-0.032984143743450045,-0.09830869306345401,1.5362949780184574,2.4997946205420956,1.0471734562383503,0.3160029756683577,-0.027073052334379306,0.22240193389297155,True,0.21195074033733996,True,False,0.0,True,0,2
2022-01-20,457.83477664,0.024147986801663815,0.24751238292125813,0.22652995412157867,0.21211621364871971,0.2570156618739239,0.955263856627577,1,-0.035396169272538414,-0.3979190320994636,1.3445052268862987,1.750808805721469,1.257991650759305,0.3168585541884465,-0.022084960401980998,0.22256897548779378,True,0.21201772700958785,True,False,0.0,True,0,3
2022-01-21,452.02064143,-0.012780523663975285,0.24900161050657846,0.22737544169588048,0.2184267335787648,0.26549349506936637,0.946869893779139,1,-0.03057487692781366,0.09791278835649983,1.3828476523384077,1.8280577320191211,1.835672330356058,0.3155959435701457,-0.023337997133123203,0.2224353309570554,True,0.21205560538217652,True,False,0.0,True,0,4
2022-01-24,441.16358925,-0.024312088328137384,0.2635305507293089,0.2284829803640866,0.22666278264145365,0.25681310801138335,0.9491302487997466,1,-0.036867768087855274,-0.7306640446144244,1.3168470912787116,1.5788875755301666,1.217592134212522,0.3159359436751831,-0.02953689912185656,0.222861036238316,True,0.2120934837547652,True,False,0.0,True,0,0
2022-01-25,444.79056247,0.008187767900829283,0.2576278094579408,0.2282070349901626,0.22633452855669503,0.26584054182398853,0.9064383814714642,1,-0.03129328090124575,-0.06939441844723179,1.3179717543474703,1.520857915934942,1.8162352729798097,0.3095142801561687,-0.03034680688210176,0.22294810976276766,True,0.21209497754495368,True,False,0.0,True,0,1
2022-01-26,451.26568905,0.014452751777784005,0.26103564113241806,0.22763119281363983,0.22616143673760813,0.25377390764460117,0.901206924163178,1,-0.03487420439480993,-0.5838390403385424,1.2527471954605738,1.2579813686615269,0.9841509526035985,0.3087273701273904,-0.026569499428605654,0.2227642205115039,True,0.21209647133514217,True,False,0.0,True,0,2
2022-01-27,442.01718973,-0.020707504907211793,0.27065272956199776,0.23131889869829542,0.2343260273736669,0.2500262884102942,0.9150138554818464,1,-0.03632670218833087,-0.8288759224468528,1.1723381442691285,0.9613137422605178,0.7318107768980306,0.3108041934829219,-0.03001368316058249,0.22295965721319946,True,0.21242653648298512,True,False,0.0,True,0,3
2022-01-28,430.90722934,-0.025455950328952433,0.2849620349952581,0.23684790071485612,0.24254247799569276,0.2554569023683668,0.901189038434386,1,-0.04241955699956532,-1.7022153291225046,1.3215150659814128,1.4022860713758594,1.0804093107494879,0.30872467977582496,-0.036165768592794766,0.2233965282108298,True,0.21275660163082807,True,False,0.0,True,0,4
2022-01-31,432.27364042,0.0031659928277435693,0.27972659309155395,0.23617073898588542,0.23695254955785344,0.2671643711862252,0.7769247090902259,1,-0.04277404353370051,-1.8256768435351756,1.1096792748739295,0.6866384537921012,1.790725058990097,0.2900329766388313,-0.03656140964405255,0.2234532510770688,True,0.2127757905671303,True,False,0.0,True,0,0
2022-02-01,442.93104686,0.024355292889339478,0.29104308543293833,0.2413873015931215,0.24942292077730718,0.2529841855174567,0.729980911651321,2,-0.04162016465563115,-1.7018121530396533,1.2782164791045045,1.1978839485477573,0.8293712058747781,0.28297174248996315,-0.03218996093535585,0.22370459580256358,True,0.21279497950343254,True,False,0.0,True,0,1
2022-02-02,449.00780605,0.013626165501699905,0.2919841930406926,0.24275231046869017,0.24523706123929007,0.2636862957717668,0.6037708991837871,2,-0.04674713180140255,-2.395842060476648,1.2631960186496896,1.1208294261421576,1.4740139481429462,0.2639873718470753,-0.02932606755352993,0.22318142759233126,True,0.21291088304662284,True,False,0.0,True,0,2
2022-02-03,446.71432532,-0.005120975940574895,0.2886700873248913,0.24145594562824876,0.24181356202848256,0.2569246725903166,0.5174393731055646,2,-0.04685652529640874,-2.343930554043829,1.1246444864477192,0.6321043807993091,1.0016141089231296,0.25100147907048825,-0.028949057722913916,0.2232131126341406,True,0.21302678658981314,True,False,0.0,True,0,3
2022-02-04,448.43749215,0.003850003820232396,0.28509419115185763,0.2413432324027123,0.23847275458914224,0.24598397028762126,0.48262865285609524,2,-0.04662143656271539,-2.206252352033311,0.8474207087954787,-0.34019594351282917,0.27559325687812675,0.2457652889882489,-0.03200104867402986,0.22309806702594573,True,0.2131251887901875,True,False,0.0,True,1,4
2022-02-07,446.23979604,-0.00491283406720336,0.2820787044495593,0.24052998299468803,0.2425618995204568,0.23725896171716707,0.499111111167259,2,-0.039516804929102506,-1.2006339934061143,0.8574847692097026,-0.3331377342324099,-0.30784482496781734,0.24824456215816135,-0.03207356341113584,0.22311237180388319,True,0.21322359099056187,True,False,0.0,True,1,0
2022-02-08,445.85284677,-0.0008675092152950551,0.2782742040558944,0.23805530049580342,0.23984481321467319,0.23102718566408223,0.5614182851071486,2,-0.03842939084122124,-1.0342294652671378,0.47304175885151056,-1.6609255384829587,-0.7249124479551055,0.2576167384273779,-0.025853243142750625,0.22154202277117174,True,0.21329914376086592,True,False,0.0,True,0,1
2022-02-09,459.40353825,0.029940034518797183,0.291454693459733,0.2446707621425475,0.24716374928746374,0.22533164332002717,0.708864917899246,2,-0.04429094417226928,-1.7430723234808083,0.9001144027906708,-0.1787568717882918,-1.0825926857505312,0.2797954980379993,-0.019850274497918707,0.22188694166282352,True,0.21337469653116997,True,False,0.0,True,0,2
2022-02-10,465.0496827,0.01221525227690375,0.27145220059885833,0.24512667323939438,0.2310808469350217,0.2559886133159414,0.7053015447084481,2,-0.04037135366383662,-1.1922792594447393,0.9541253174395872,-0.004361944558214288,0.8956135574439356,0.27925949937933153,-0.023866814502944155,0.22283234871361193,True,0.21356249753841838,True,False,0.0,True,0,3
2022-02-11,450.40503694,-0.031996984373743126,0.29334824679985144,0.25290005657249753,0.25025304901117923,0.24973709945284708,0.7326124472276101,2,-0.04309519778867221,-1.4888478160243903,1.2846570234743298,1.126505209485057,0.4691640540944085,0.28336757516411865,-0.03543001075415451,0.22376510216956078,True,0.21375029854566682,True,False,0.0,True,0,4
2022-02-14,450.32424553,-0.00017939110405097543,0.27662596024243297,0.24951723172441842,0.23693086641938424,0.27638577283393684,0.39806560959862275,2,-0.03969509382304873,-1.0449786389125286,1.29455917376915,1.124832557838606,2.089785173081822,0.23304540944380003,-0.03384765859041268,0.22433900595372172,True,0.21390165847332387,True,False,0.0,True,1,0
2022-02-15,453.06357661,0.006064592434711998,0.2759068508528476,0.24931075136860528,0.23713136567319743,0.2599916926862394,0.23223299084422383,2,-0.03877548517965018,-0.8983764775193911,1.306856284578876,1.128699012640667,1.0235420773178217,0.2081010501369339,-0.03414343529702355,0.2243176643974158,True,0.2140530184009809,True,False,0.0,True,1,1
2022-02-16,453.54584949,0.0010639045030996106,0.2668724437142524,0.24545220464001385,0.23156009452999568,0.24884065346355133,0.14860987105683496,2,-0.035312349184256714,-0.4380224636647117,1.0064998708562531,0.08269675978469532,0.3105866537639783,0.1955225528424599,-0.0404983686756424,0.2238537627765858,True,0.21411272512339063,True,False,0.0,True,1,2
2022-02-17,452.23948562,-0.0028844908945632234,0.25293943638838756,0.24552301425213915,0.21996718384127595,0.23902817451202166,0.1118198524530646,2,-0.03297225254711161,-0.12094972774127741,0.9458652877035455,-0.1325207825632374,-0.29804159693253657,0.1899886388884273,-0.08782056583288479,0.21621422500493095,True,0.21417243184580037,True,False,0.0,True,0,3
2022-02-18,451.99450277,-0.0005418572164717733,0.2488452359687785,0.24522149486718944,0.21687500097036824,0.2318704988645734,0.09939433778106956,2,-0.03197023499841026,0.037580915542280324,0.1975378867738551,-2.542912003246543,-0.7401701573303819,0.18811960669874683,-0.09028515506978696,0.21612928363366218,True,0.2142281321913873,True,False,0.0,True,1,4
2022-02-22,451.12999945,-0.0019144726600229464,0.23350065268572892,0.24433270811293675,0.20433342742556704,0.22610189761920205,0.1085527512344663,2,-0.029167225260161883,0.4347547853702228,0.20584648463281077,-2.3824045772116405,-1.0911956815975037,0.18949720513250673,-0.08986526063813657,0.21666588587182414,True,0.21428383253697422,True,False,0.0,True,1,1
2022-02-23,448.36342527,-0.0061514244082249946,0.23271149701018176,0.2298364684726684,0.20079564578169956,0.22183131120098054,0.1421883291366635,2,-0.0319158512284822,0.07303155801025313,0.22112995349482667,-2.197960649833793,-1.3377053774268708,0.19455663160112627,-0.10033523039623723,0.21579928833619885,True,0.21434748286101202,True,False,0.0,True,1,2
2022-02-24,445.63811465,-0.006096900151617228,0.22801556268230372,0.22894335283138936,0.2010560667802541,0.21998105788332173,0.20207145083494898,2,-0.02695949590204963,0.7347511206038739,0.2897161802303896,-1.8923088601780274,-1.4442558071621303,0.2035641846101702,-0.10076049894325002,0.21578771467641678,True,0.21441113318504978,True,False,0.0,True,0,3
2022-02-25,448.12442984,0.005563718504371073,0.21674464191107456,0.2273797726826365,0.18787937320878262,0.21844652282716892,0.30458059807659177,2,-0.028865268702291946,0.48062085778176405,0.3273509738205047,-1.7038894055068694,-1.5024191225251018,0.21898349728967983,-0.07483975977678035,0.21259800408497892,True,0.21445389830117312,True,False,0.0,True,1,4
2022-02-28,445.18544073,-0.006580022925665466,0.1983908014715338,0.22724689304852527,0.17692342400457708,0.2169008229815026,0.510859776315797,2,-0.021467377466956705,1.425913946726014,0.3863334909763184,-1.4752841125520295,-1.5471168666642776,0.2500117833902835,-0.07219209542989247,0.21336556287034136,True,0.21449666341729648,True,False,0.0,True,0,0
2022-03-01,459.38078144,0.03138853923168467,0.22725897749789767,0.23493011392997734,0.19532248265189117,0.21614141686536528,0.8469114709787819,3,-0.0319364948460065,0.0435247006705027,1.0178403115659387,0.3271278584660913,-1.5327716559640285,0.30056030804314177,-0.06125562657649662,0.21488443850517258,True,0.2145199995706639,True,False,0.0,True,0,1
2022-03-02,466.17318334,0.014677747818469032,0.21653421974028247,0.23636259171721685,0.18672973680132998,0.25292740453221146,0.8892951953331815,3,-0.029804482938952492,0.32238825738497223,1.0879779178284013,0.5068626672952272,0.8042960925491497,0.3069356210364504,-0.06158318070362559,0.2150245086672573,True,0.2145433357240313,True,False,0.0,True,0,2
2022-03-03,477.18508991,0.023347241631927723,0.2267504724765435,0.23896442447272517,0.196758549391455,0.24941257096109498,0.9556089071110789,3,-0.029991923085088495,0.2894579562419187,1.267419370385507,0.9881781997508351,0.5689298948483893,0.3169104563009749,-0.03513499040186938,0.2132513418666063,True,0.2145990950093165,True,False,0.0,True,0,3
2022-03-04,492.3061964,0.031196428533189147,0.2516900584592692,0.2473639900546439,0.21343292518280213,0.25901467935272504,0.9928677637544341,3,-0.03825713327646704,-0.7865086385857003,1.5083876643761216,1.6055618473066675,1.1460447929530535,0.3225148923549658,-0.025021852981345755,0.21447836358664227,True,0.21465485429460168,True,False,0.0,True,0,4
2022-03-07,472.35021965,-0.04138017208872603,0.2910950644496703,0.2603141042087648,0.2501851291741089,0.28048444131415634,0.9994304453756232,3,-0.040909935275561415,-1.1132787900252228,1.8154464671005694,2.310135460622096,2.3291071442742326,0.3235020436742002,-0.0544962373073609,0.21803009917142985,True,0.2147873948979072,True,True,1.0,True,0,0
2022-03-08,470.4530873,-0.004024455358925241,0.290923179476551,0.25890486655684825,0.24703422101042233,0.3177956357618517,0.9684531898889525,3,-0.04388895846612867,-1.4561773146733719,1.61344817286458,1.691095551167565,3.863780479540308,0.31884247912650104,-0.052339982294855654,0.2179466909503474,True,0.21491993550121272,True,False,1.0,True,0,1
2022-03-09,456.78722749,-0.029478548756821876,0.3091537204859805,0.26499187078817954,0.26092807543815577,0.2929990741409712,0.9655205003362872,3,-0.04822564504782473,-1.911559491910343,1.718740876500767,1.8718648292657587,2.4080046084162885,0.31840134720392366,-0.06160246948083292,0.21870639465350397,True,0.21506242790760471,True,False,1.0,True,0,2
2022-03-10,464.51327685,0.016772443830875037,0.2963543130684025,0.2672113652534825,0.2488358697897056,0.30144698026181255,0.848859211955153,3,-0.04751844327869689,-1.7415469361409006,1.648941586226585,1.6249018005896076,2.605883051784277,0.3008532850890103,-0.06971775753488295,0.21889053388468138,True,0.21520492031399668,True,False,1.0,True,0,3
2022-03-11,462.01287347,-0.005397385598305634,0.29379050886883745,0.26710505600735146,0.2520869425753131,0.2893686152118767,0.7454418664886036,3,-0.04170356629352434,-1.0079527989999477,1.4332645367906698,1.0458493926434322,1.9456632886996907,0.28529736223585633,-0.06944280563461795,0.21890305426587212,True,0.21522308580451033,True,False,1.0,True,0,4
2022-03-14,452.08491132,-0.021722736255218554,0.2817064933491121,0.2683557602191631,0.2445822122770827,0.27195673821260397,0.6987908311621464,3,-0.037124281072029364,-0.45003817189292944,1.080283935066846,0.14405281318892513,1.1245016346017138,0.2782801650405091,-0.06430902364447638,0.21922420179265034,True,0.215241251295024,True,False,1.0,True,0,0
2022-03-15,451.18693362,-0.0019882785029954465,0.28179416935068546,0.2619926477364055,0.24372188690470065,0.27416397074716375,0.5361662352021586,3,-0.03807228244598482,-0.5622797040142893,1.1024516125860666,0.19632093582209192,1.182123640965022,0.25381835297826505,-0.06366127318936586,0.21920875371063123,True,0.21531101437563444,True,False,1.0,True,0,1
2022-03-16,459.71906331,0.01873383038664995,0.28873272344238365,0.2647553218705725,0.24688154677976853,0.25958779451143577,0.4622581725940029,3,-0.04185117666261512,-0.9886867634323254,0.9042643395487632,-0.3010089327005515,0.5314878037721464,0.24270118385183054,-0.06164205675971282,0.21931276301483316,True,0.21538077745624487,True,False,1.0,True,1,2
2022-03-17,469.58694925,0.02123790594678056,0.29838823152854826,0.2683071493983686,0.25368980061952023,0.26118143332310345,0.3724509665093987,3,-0.04469843090902803,-1.2812009422930113,0.9565669928362001,-0.16809216045613481,0.5885209315827065,0.22919248312849516,-0.05813883495349437,0.21940639112590188,True,0.21538090914152863,True,False,1.0,True,0,3
2022-03-18,473.33321304,0.007946130863896474,0.29954344866037375,0.26768577089265483,0.2586255104744341,0.2659166124331277,0.22400454628148322,3,-0.04091793818593964,-0.8189884709637886,0.9711818920427917,-0.12938458859973337,0.7738318444420544,0.20686333659630882,-0.05836103893227285,0.21657713270875864,True,0.21538104082681236,True,False,1.0,True,1,4
2022-03-21,470.83013806,-0.005302219878099787,0.300127987211952,0.26708460719849586,0.2561781490424182,0.25560533995337875,0.14464134292808428,3,-0.043949838169533795,-1.1437852806529751,0.7961852860894336,-0.5640553442498331,0.3030639405611813,0.19492561122562654,-0.05785451540062997,0.2165137956647905,True,0.21538751125647868,True,False,1.0,True,1,0
2022-03-22,469.82535313,-0.002136351345553378,0.300146853191682,0.26711984791676274,0.25487938708118163,0.2465255691917619,0.10006215425009528,3,-0.045267466110500365,-1.2605431847674529,0.7963511521030239,-0.5866328257078197,-0.1110044079455831,0.18822005891423702,-0.05724825081025964,0.21649845969058637,True,0.215393981686145,True,False,1.0,True,1,1
2022-03-23,477.35527856,0.015899995869885202,0.3046255956837238,0.26666050988255985,0.2552391718662344,0.23874467454924606,0.08162261175828243,3,-0.04938642381748942,-1.6616661839777127,0.7528594015291136,-0.7021872059214906,-0.47135794464414843,0.18544640330399054,-0.057210110239195505,0.2159919571812229,True,0.21542634513611436,True,False,1.0,True,1,2
2022-03-24,474.11667305,-0.0068075953512460805,0.3048152066409389,0.26648515466238043,0.25443992891940287,0.2425701823966533,0.05965063657100677,3,-0.05037527772153605,-1.70419076919552,0.5294503817611125,-1.2538665943539085,-0.3078282925977741,0.1821414030702026,-0.05425443463248521,0.21584868693212522,True,0.21545870858608376,True,False,1.0,True,0,3
2022-03-25,469.79065964,-0.009166246620758055,0.3059100041349881,0.2669657096872108,0.2585148851956241,0.23728112865588286,0.046114194757433474,3,-0.04739511893936399,-1.3258915882554658,0.5422862264688666,-1.2090351750761976,-0.5548652255618667,0.18010526644719999,-0.04483248508508436,0.21437844753401777,True,0.21553259824822282,True,False,1.0,True,1,4
2022-03-28,472.53269338,0.005819746418195099,0.3057157948780338,0.26709824580421365,0.26224043730475627,0.2347682620980404,0.03336203448622464,3,-0.04347535757327753,-0.8603299368922375,0.5457553577679248,-1.1938908251701617,-0.6817881181387696,0.17818710058735263,-0.044762328864041606,0.2143774275138722,True,0.21560648791036188,True,False,1.0,True,1,0
2022-03-29,472.97852336,0.0009430454237828684,0.28470919176682574,0.26517474340047104,0.24954661661048885,0.23080398078127703,0.02891119503914073,3,-0.03516257515633689,0.09791455472494875,0.5473132558828423,-1.1710566098054227,-0.8789398324624241,0.17751761023485652,-0.04773299042286075,0.21514354446968736,True,0.21564263772387415,True,False,1.0,True,1,1
2022-03-30,475.04315872,0.004355678067712023,0.28032815247785414,0.2646866190853533,0.24046094291028566,0.22639771057403332,0.03167058769412746,3,-0.03986720956756848,-0.4146069574863513,0.3639177770337314,-1.5946979451567036,-1.0816292374847472,0.17793267502953755,-0.047495885350497084,0.21503759793784705,True,0.2156787875373864,True,False,1.0,True,1,2
2022-03-31,475.15546441,0.00023638361030860522,0.26779917215626575,0.2635570414929448,0.23058419000084976,0.22374257668662229,0.042721404931685844,3,-0.03721498215541599,-0.0731548551266392,0.31621011761880935,-1.6659823901778332,-1.2028608671823615,0.17959492674984848,-0.04992411453116252,0.21107640037268677,True,0.2156907085877029,True,False,1.0,True,0,3
2022-04-01,468.9736077,-0.013095550678450427,0.24822304066370302,0.2634976171680528,0.21242853096695616,0.2208326671737278,0.06783124647725577,4,-0.03579450969674686,0.13689380196785275,0.40438955773885077,-1.416526515501014,-1.3280101414171572,0.18337192137464428,-0.05875136911894911,0.2110504350926147,True,0.2157026296380194,True,False,1.0,True,0,4
2022-04-04,478.20300102,0.019488837361157144,0.2117194588960997,0.26510385615876847,0.18435344481375066,0.2257116862999783,0.08374578125894305,4,-0.02736601408234904,1.2680307824704125,0.6400338862280758,-0.842733779001855,-1.102044263892089,0.1857657681146753,-0.0707122261250488,0.21419239435267381,True,0.21578835322204004,True,False,1.0,True,0,0
2022-04-05,479.6940376,0.0031131483324558394,0.2115258186734335,0.26391151536462226,0.18705871424321086,0.23738950371302767,0.08181218481347412,4,-0.024467104430222653,1.6853684908575872,0.6478602084518434,-0.8113255536816342,-0.5774699404855665,0.18547491867351867,-0.07250658069578114,0.21411965618146747,True,0.21587407680606072,True,False,1.0,True,0,1
2022-04-06,474.06678371,-0.01180027332229225,0.18854301444959312,0.2636671031376528,0.16526451262831687,0.23099493048665143,0.09977441571683532,4,-0.02327850182127625,1.9054166794880494,0.7125282392939193,-0.6478560427961355,-0.8749614037255089,0.1881767776019477,-0.06706804091070852,0.21533298695428227,True,0.21600622510002238,True,False,1.0,True,0,2
2022-04-07,470.41143459,-0.007740501157398466,0.18099401764339654,0.26174450114354514,0.16501423447818958,0.23140684491306962,0.1145546458069805,4,-0.015979783165206957,2.808086373652179,0.7478090255724523,-0.5524905241586683,-0.859072370565727,0.19040000348341776,-0.0697993482640669,0.21497194875014536,True,0.21613837339398403,True,False,1.0,True,0,3
2022-04-08,473.23107861,0.0059761029674644806,0.18122297886443092,0.25353561773438676,0.16706956275154758,0.22839734674945,0.14187144272936658,4,-0.014153416112883344,2.793313760927747,0.6996832981611768,-0.6414280640591481,-0.9890190248686441,0.19450896589782588,-0.06967061110487296,0.2149704713232183,True,0.21613989512967466,True,False,1.0,True,0,4
2022-04-11,464.48312392,-0.018658581601119478,0.1768691948025186,0.2560562792081011,0.15776680600766557,0.22507164488641496,0.2057985535068057,4,-0.019102388794853015,2.077841437715399,0.6749956220155676,-0.6756255580521445,-1.1040357401972658,0.20412481127649612,-0.06796049487069936,0.2150111108983649,True,0.21614141686536528,True,False,1.0,True,0,0
2022-04-12,472.32595744,0.01674410915377653,0.18645509516620198,0.25212125275584385,0.16731005159406534,0.23521986284116367,0.22073222551010058,4,-0.019145043572136644,2.006737078739644,0.8273850657018598,-0.29588420439723084,-0.6252096035907175,0.20637111772102482,-0.06833485944164942,0.2150983003627958,True,0.21616564905372063,True,False,1.0,True,0,1
2022-04-13,472.5740442,0.0005251069219386712,0.1742036915542149,0.25155390547893014,0.1599457132371996,0.23965645973266989,0.23274254269301167,4,-0.01425797831701528,2.4260453479057795,0.7595865217070555,-0.4330420304823308,-0.40365924770283734,0.20817769636309322,-0.0723284148758424,0.2152293741760146,True,0.21618988124207597,True,False,1.0,True,0,2
2022-04-14,473.58384143,0.0021345224274690335,0.1572295173215842,0.24831267859020653,0.14630161459212346,0.23179713976843022,0.28784509305645667,4,-0.010927902729460731,2.5926829696762264,0.7395147245992795,-0.45684860574862046,-0.742913397990936,0.21646616111336117,-0.0717937499056054,0.21584143092021874,True,0.21622957526321832,True,False,1.0,True,0,3
2022-04-18,481.65978812,0.016909066671181982,0.16591592124018908,0.24578630897374093,0.15338873097302466,0.22600148571400253,0.41543207436233137,4,-0.012527190267164423,2.276975611441505,0.8757414221834171,-0.10471901986635075,-0.9769331951725722,0.23565765388768445,-0.0714726375357369,0.21588486909264124,True,0.21626926928436066,True,False,1.0,True,0,0
2022-04-19,473.52504252,-0.017033231719302554,0.17558334988060265,0.2468672199972749,0.1607288228313555,0.23311261074713163,0.5463669547692761,4,-0.01485452704924714,1.9553835507005373,0.8439468685852092,-0.16297801243958754,-0.6318173401833679,0.25535273394614694,-0.07451304476666376,0.21611569398700087,True,0.21631755681504386,True,False,0.0,True,0,1
2022-04-20,467.24914849,-0.01334217538971787,0.18170024300542165,0.2433280820851824,0.16243643085884396,0.23825497033213291,0.6268985804158614,4,-0.019263812146577686,1.4739141562598976,0.8037358372766903,-0.2442536446617938,-0.3844901874209237,0.26746621210733756,-0.0764668959433708,0.21620754395978692,True,0.21636584434572706,True,False,0.0,True,0,2
2022-04-21,472.17452451,0.010486048612991843,0.17667777131988113,0.24369819399203846,0.16214136505220084,0.23753517323000853,0.7080134408810935,4,-0.014536406267680296,1.8404436376445708,0.8585518157492099,-0.08746347363836421,-0.39780892544555374,0.2796674198056113,-0.07728730397542279,0.2162600378772844,True,0.21646311867615722,True,False,0.0,True,0,3
2022-04-22,460.32316931,-0.025419887766392125,0.19690825111556398,0.24743771363198716,0.17341865952312946,0.2342804564213668,0.857040475730066,4,-0.023489591592434522,0.9916430155903798,1.1149747589770052,0.5741417816101106,-0.5308105014722889,0.30208390174765404,-0.08478424460655197,0.2171312063230906,True,0.2165603930065874,True,False,0.0,True,0,4
2022-04-25,447.43055684,-0.028407439366908715,0.21881998832194846,0.2506267860892274,0.18524891697368584,0.2524727314882647,0.8730210776860066,4,-0.03357107134826262,0.06879882960040888,1.276644629864239,0.9795958491081681,0.29654214263933915,0.3044876862390475,-0.0964937373750648,0.2182450259229171,True,0.2165703944141967,True,False,0.0,True,0,0
2022-04-26,446.70106098,-0.0016317419210393608,0.2179196658613213,0.24515983773553088,0.1845026609205408,0.27057479138539664,0.7478694320937139,4,-0.03341700494078051,0.06948939469841432,1.209240347148955,0.8163398878403446,1.1000566571425827,0.2856625139722861,-0.09666165900921486,0.21824532714448255,True,0.21658039582180602,True,False,0.0,True,0,1
2022-04-27,447.87083783,0.002615278924585002,0.2180916210421755,0.2451325640673586,0.18556276519640813,0.25530814248524064,0.697702841379763,4,-0.03252885584576737,0.13588991934749897,1.1484845614106167,0.6584237832551929,0.422129562533351,0.2781165108194167,-0.0964579962724029,0.21819123775401733,True,0.21662195696605316,True,False,0.0,True,0,2
2022-04-28,443.69652324,-0.009364059911805733,0.2200675978421025,0.24076315402636764,0.18729524767687933,0.24381995874981105,0.7019532800807264,4,-0.032772350165223174,0.10031872014694738,1.161017823526624,0.6984811461689885,-0.09307936922679086,0.2787558571130772,-0.0967557193771261,0.21820064947021955,True,0.2166635181103003,True,False,0.0,True,0,3
2022-04-29,441.06428194,-0.005950193658557485,0.22107723560956838,0.23944889328113805,0.18541934646067676,0.23828533100774166,0.7314810075461601,4,-0.03565788914889162,-0.18572408026705042,0.9087998144056503,0.06618389024854238,-0.3270996813569811,0.2831973852572105,-0.09682356925336538,0.21820283077908154,True,0.21676902957358163,True,False,0.0,True,0,4
2022-05-02,426.9782343,-0.032457590467452405,0.2449252251610053,0.24829480419032388,0.20670352169227166,0.23204596578015454,0.8079504123847898,5,-0.03822170346873363,-0.44417475724827316,0.9847048303397684,0.26954404108955105,-0.5928860908072804,0.29469982865227023,-0.10285425890810031,0.21715648374244415,True,0.21687454103686296,True,False,0.0,True,0,0
2022-05-03,428.55048265,0.0036755051907728206,0.23531450727656586,0.24828369738199882,0.19583290672738804,0.2658178042854646,0.6478044522354548,5,-0.03948160054917782,-0.5807518875835436,0.9892413901229805,0.2750253694390401,0.9273691554808811,0.2706108502503531,-0.10346363798723922,0.21737410819383304,True,0.21688498915736615,True,False,0.0,True,0,1
2022-05-04,433.98011237,0.012590165434290902,0.23926566104679964,0.24941767170643286,0.19692903044011906,0.2521228539394913,0.580593473187492,5,-0.04233663060668058,-0.8465680584746088,1.0452755340251991,0.41174701333782615,0.29548474760707405,0.2605010490343353,-0.10237209674920843,0.21729190920007066,True,0.21689543727786936,True,False,0.0,True,0,2
2022-05-05,429.40076221,-0.01060804851686772,0.23856118296181436,0.25035703119358926,0.200673766944635,0.24724093195453267,0.5471822493651448,5,-0.03788741601717935,-0.42342047887438805,1.0509021069941182,0.4048256523861174,0.06208016371106127,0.2554753696585481,-0.10426043648078248,0.2172147120714381,True,0.21689813012968598,True,False,0.0,True,0,3
2022-05-06,427.14254715,-0.005272868907956461,0.23771164075279452,0.2429619568617883,0.19862406211383252,0.24187290169636527,0.5310897693243055,5,-0.039087578638962006,-0.5498231095517454,1.079887698454102,0.4718554359709284,-0.19622901751773156,0.2530547565892232,-0.11950695530096338,0.21593106563506495,True,0.2169008229815026,True,False,0.0,True,0,4
2022-05-09,419.84877615,-0.017223201937677807,0.24452909359843075,0.24423288666487875,0.20075491043040528,0.23452662820485673,0.555202995492798,5,-0.04377418316802548,-0.9898020438639994,0.717327826984587,-0.4630004397692391,-0.5163689249898479,0.25668184143002537,-0.12127499630695068,0.2160368855113294,True,0.2169610305828718,True,False,0.0,True,0,0
2022-05-10,416.01702564,-0.00916840321268525,0.23762792594177537,0.2360143298280385,0.1946261275903089,0.23966591280016253,0.5490276266245523,5,-0.043001798351466475,-0.9162580695796912,0.784125933101324,-0.26952009308259134,-0.27307364062155415,0.25575294926719894,-0.12058961170256477,0.2161361407676672,True,0.217021238184241,True,False,0.0,True,0,1
2022-05-11,421.32112057,0.012669113186660759,0.23442869018303547,0.23743789866995668,0.18972903603189623,0.23502199739410026,0.5670652273928959,5,-0.044699654151139245,-1.0634011369959575,0.7805674694322093,-0.2587902102457303,-0.46134968366240214,0.25846614524745254,-0.12284662644258429,0.21567801001612524,True,0.21715446521770895,True,False,0.0,True,0,2
2022-05-12,410.52559134,-0.025957030804596923,0.2518785547410028,0.24300639091457957,0.19875237085449043,0.23458531903752197,0.6152841525021987,5,-0.05312618388651236,-1.7929236973111982,1.0298972154207906,0.4185484481115624,-0.4630730681201071,0.26571918269178474,-0.13216747922478825,0.21606328883281314,True,0.21728769225117692,True,False,0.0,True,0,3
2022-05-13,417.83868863,0.017657176847923676,0.2594489827737034,0.2456762317185108,0.21100380348898468,0.2538202170380088,0.5302630064942118,5,-0.0484451792847187,-1.3197619222121226,1.1291088631653823,0.6767458510298949,0.42960399506732355,0.25293039583769966,-0.12973758285688383,0.2161672399624015,True,0.2173306191616635,True,False,0.0,True,0,4
2022-05-16,419.41247529,0.003759417917528093,0.25276333777547755,0.24572591470968266,0.20434408998384604,0.2540456131868935,0.4421130280262133,5,-0.04841924779163151,-1.2757565112306108,1.0191000975448614,0.3794552285555896,0.4280157313939911,0.23967097346160607,-0.1292689698072909,0.21622511165242955,True,0.21737354607215006,True,False,0.0,True,1,0
2022-05-17,424.13066431,0.011186714709100381,0.24861707729651225,0.24679058098358866,0.2037176478954032,0.24310485590183994,0.4161582062212023,5,-0.04489942940110905,-0.9335033861855117,1.031319580527631,0.3855675676751445,-0.09008878567581219,0.23576687783969033,-0.12999319632400466,0.21626711882692334,True,0.21741669749587034,True,False,0.0,True,1,1
2022-05-18,418.0638128,-0.014407495225596964,0.24936506528127506,0.2485196488354143,0.20653458431242036,0.23918027656004512,0.4212885794234042,5,-0.042830480968854695,-0.7267642390701706,1.0427280236982193,0.39015308338648796,-0.2851796413716063,0.23653858290890575,-0.11798200540829608,0.21499611952319062,True,0.2174598489195906,True,False,0.0,True,1,2
2022-05-19,428.42039149,0.02447085354976979,0.2614242539489819,0.25321560574406776,0.22080984949578608,0.2394824516818948,0.4158586921221258,5,-0.04061440445319581,-0.5158671225355941,0.9941918851511247,0.2238016658069952,-0.2876159530946337,0.2357218252598001,-0.11174955897183061,0.21532737827195852,True,0.21762559450291208,True,False,0.0,True,0,3
2022-05-20,427.75770918,-0.001548001383856853,0.2454202177736387,0.25292703351560275,0.21322950827155726,0.25443785991505913,0.3409152671628491,5,-0.032190709502081444,0.24056702909990202,0.8642519786412596,-0.18912305145229066,0.3989610399044972,0.22444891807234263,-0.10981072818082853,0.2158864071393749,True,0.21779134008623355,True,False,0.0,True,1,4
2022-05-23,434.75052247,0.01621541976486504,0.23103277765138464,0.2548458764746516,0.204962541215665,0.24294422648912462,0.3182874580772171,5,-0.026070236435719624,0.7796020558939806,0.9637457522499905,0.08051748500239649,-0.17462641264296563,0.22104526802810667,-0.11153200365854729,0.21596111428625003,True,0.21784491600975955,True,False,0.0,True,1,0
2022-05-24,430.87185344,-0.008961632915645622,0.23314054283375885,0.2551507010375357,0.20142869777402375,0.2443667021844409,0.2985702216004475,5,-0.031711845059735094,0.29689650239819093,0.9443942575859036,-0.008395666434972224,-0.12997560498212066,0.2180794231001953,-0.11197356861305997,0.2159591043132714,True,0.21789849193328556,True,False,0.0,True,1,1
2022-05-25,425.98268014,-0.011412033594660026,0.23645144857224779,0.2480138212393531,0.2062700128707569,0.23835610456255282,0.29695621478278056,5,-0.030181435701490872,0.431426695014732,0.9383910490878821,-0.02326869030204508,-0.45491369126572806,0.21783664597778105,-0.11258761450981507,0.21598245852523482,True,0.21789911838866458,True,False,0.0,True,1,2
2022-05-26,426.45500727,0.0011081799533578744,0.23413654634871992,0.24619338132705534,0.2057764214701019,0.2358303267342717,0.30089288166780953,5,-0.028360124878618026,0.5921387647686489,0.6298657095226001,-0.9731457464780174,-0.5669703350065841,0.21842879506153298,-0.12719911171880402,0.21467605319802086,True,0.2178997448440436,True,False,0.0,True,0,3
2022-05-27,431.22766502,0.011129307298529657,0.23650470705332263,0.24257371193840424,0.20551481104190458,0.22872574395108347,0.35142997501480083,5,-0.03098989601141805,0.357957470876644,0.7160291997932754,-0.6757550381559213,-0.9016038266741052,0.2260305288111458,-0.12654899874174777,0.21468897192782682,True,0.21806216759857147,True,False,0.0,True,1,4
2022-05-31,430.18083325,-0.0024305130201052114,0.20672414073394355,0.2340497911404685,0.18318473780353087,0.2283828387772057,0.4434718324467748,5,-0.02353940293041268,0.9967657049826427,0.5605692458487586,-1.140286304127724,-0.8899994138871871,0.23987536332138656,-0.1245911456753277,0.21670904125470739,True,0.21822459035309935,True,False,0.0,True,1,1
2022-06-01,433.39569451,0.007445492108821491,0.2079979282175904,0.2186787482075629,0.1849436437016353,0.22316823187116816,0.6322976560545109,6,-0.023054284515955092,1.007195158306519,0.5777100946980543,-1.0908923989182244,-1.11915659574957,0.2682783351001903,-0.12337846230867464,0.2166601727198501,True,0.21827847353524918,True,False,0.0,True,0,2
2022-06-02,455.83152408,0.05047212167353093,0.2708570941103954,0.2417676528898189,0.2290311058480991,0.22127036016875945,0.9912878261879966,6,-0.041825988262296276,-0.6586468182936008,1.5353443444030175,2.2572985328590875,-1.2760504628559264,0.3222772398916829,-0.05098444005389424,0.22469494170610474,True,0.218332356717399,True,True,1.0,True,0,3
2022-06-03,447.98928296,-0.017353966344067565,0.27520955026500477,0.23678415126506105,0.23411674994868226,0.30782509623225224,0.9254997940547632,6,-0.04109280031632251,-0.6101737443525698,1.6514144160430884,2.698159206490633,3.486627742184323,0.31238147677855593,-0.05170859003687027,0.22472566737492955,True,0.21834895331478166,True,False,1.0,True,0,4
2022-06-06,444.22596067,-0.008435956760492958,0.27620039921833167,0.23491297615673878,0.23841702383073668,0.29394677423771154,0.8300350742064788,6,-0.03778337538759499,-0.3319611661325643,1.6500487511815423,2.692772281437999,2.79398383310974,0.29802177908511435,-0.052243984985339255,0.22322294651000266,True,0.21836554991216428,True,False,1.0,True,0,0
2022-06-07,444.3262434,0.00022572164013864252,0.26935043172566675,0.23465286471393662,0.23260241161930995,0.2760262086066611,0.7752507671564489,6,-0.036748020106356805,-0.24651024978495653,1.6502544484785795,2.603698309397437,1.860026627077125,0.289781184142466,-0.052245872023360056,0.22333407363144392,True,0.2184060363696666,True,False,1.0,True,0,1
2022-06-08,445.83291808,0.0033851836480619873,0.2676469562532857,0.23049557945806637,0.2292523591215334,0.2598475365736249,0.7731092118092503,6,-0.038394597131752306,-0.39404935870905766,1.6675568669950647,2.4935383962913047,0.959506074049912,0.2894590537530571,-0.05256855619600399,0.22333192456116074,True,0.21844652282716892,True,False,1.0,True,0,2
2022-06-09,438.91113079,-0.01564730166803083,0.26962468657492744,0.23267988374946877,0.23062749691784848,0.24791503712938745,0.8229297210217859,6,-0.03899718965707896,-0.4471480418600234,0.7650136316264339,-0.43433067301032874,0.2990713932916836,0.2969529997088225,-0.05270876802594368,0.22333265792160142,True,0.2184813210300277,True,False,1.0,True,0,3
2022-06-10,430.65143992,-0.01899791819776035,0.2622129002378004,0.23276979868577669,0.22214388082479125,0.24780304387957422,0.861874445683988,6,-0.040069019413009166,-0.5481305585865898,0.8002395711610196,-0.31320925914591285,0.3065108254740037,0.3028110221677193,-0.05029420128941363,0.2234586686329364,True,0.21851611923288647,True,False,1.0,True,0,4
2022-06-13,422.39011544,-0.0193697076552057,0.26373199848383133,0.2320843688573643,0.2270907231126446,0.2520559884345927,0.8722554669688076,6,-0.03664127537118672,-0.25041031569215655,0.9636620926749634,0.22032487923920027,0.5765442679716546,0.3043725239207868,-0.05067477286933054,0.2234578242295067,True,0.21853448352622273,True,False,1.0,True,0,0
2022-06-14,417.25017288,-0.0122433542974817,0.2669554737060115,0.2328680762334344,0.23196327259493993,0.2556542632061954,0.8562125747773774,6,-0.0349922011110716,-0.108667985585492,1.0303768841369931,0.4345722737166827,0.8151584021096833,0.3019593698009871,-0.018255603530786788,0.21906015437290594,True,0.21855284781955903,True,False,1.0,True,0,1
2022-06-15,417.91532415,0.0015928613262902354,0.2640462027164907,0.23263731504049545,0.2291960247540148,0.25002338443248545,0.8519514328442982,6,-0.034850177962475914,-0.1103736427682317,1.0273630498711601,0.4119464804024074,0.4765070161669043,0.30131841353897626,-0.019017811305981167,0.21905866902180576,True,0.21859563380020483,True,False,1.0,True,0,2
2022-06-16,412.38432415,-0.013323098055186952,0.2633277479875904,0.2341932371292133,0.23402312475526318,0.2402055502738994,0.8943411856781904,6,-0.029304623232327215,0.3822708206226189,0.9897587924918029,0.2788761325549483,-0.12286999638438174,0.30769463332951014,0.005898756624995471,0.21723252144355293,True,0.21863841978085063,True,False,1.0,True,0,3
2022-06-17,402.7891568,-0.02354249922588662,0.26225918091495476,0.23688080927302163,0.22668495125111657,0.2396621285954776,0.9440496267388595,6,-0.03557422966383819,-0.22981577804525907,1.063562999691241,0.5027438737538225,-0.1573897028894591,0.3151717221176809,0.006334857870116321,0.2172334900935558,True,0.21879086258435454,True,False,1.0,True,0,4
2022-06-21,404.85563611,0.005117308593300044,0.2628300568143062,0.23670204999426436,0.22525331765152515,0.25347872095519625,0.948129449740474,6,-0.037576739162781064,-0.45081208619159097,0.9049490402735931,-0.03561913935927057,0.681749152281714,0.3157854045863357,0.0070995734259083985,0.21712232614435775,True,0.21894330538785842,True,False,1.0,True,0,1
2022-06-22,395.18984658,-0.024164275820866034,0.27041429483524443,0.24109626188846528,0.229227638713414,0.2436830674813303,0.9881503978873942,6,-0.04118665612183042,-0.8220137240103709,1.079661232835703,0.5181214760377253,0.07283598899424494,0.32180531139282914,0.003713677081090873,0.21725867206390306,True,0.21896996030634,True,False,1.0,True,0,2
2022-06-23,375.01536484,-0.05239927565373375,0.32666128249336424,0.2636608218666166,0.2670116995445181,0.25734488705952746,0.999868343458101,6,-0.05964958294884615,-2.494582272223347,1.7214742664760674,2.490147862897866,0.8862086991233395,0.32356791181999184,-0.053642802208955925,0.22411774275212373,True,0.21899661522482158,True,True,2.0,False,0,3
2022-06-24,374.84029336,-0.00046694715514009456,0.32414408207477435,0.26365547509633114,0.26830593013090154,0.3339840563008915,0.8527641438676347,6,-0.055838151943872816,-2.028519303082094,1.6837622267494259,2.238139534053481,4.459529128220323,0.30144066063325137,-0.05366308974483715,0.22413272549564187,True,0.21906794712098077,True,False,2.0,False,0,4
2022-06-27,376.93248702,0.00556604100624111,0.32472183571480395,0.2637511077677159,0.261316212974675,0.30597252177459106,0.7902160309627866,6,-0.06340562274012895,-2.533750588321924,1.5664892578907423,1.8144826493907271,2.8052956147192205,0.2920322425911068,-0.05480573620847279,0.22343435365557773,True,0.21913927901713992,True,False,2.0,False,0,0
2022-06-28,378.3826452,0.0038398806007788272,0.3225978904708454,0.26386803488321336,0.2618797150206286,0.28517165252819066,0.7801672521444903,6,-0.060718175450216794,-2.1766627505890366,1.5631480213131543,1.7589592017373383,1.7540540053954208,0.29052071638280375,-0.05497839974149469,0.223445768173915,True,0.219337597917337,True,False,2.0,False,0,1
2022-06-29,378.47762941,0.00025099536515540906,0.32248373534320796,0.26250015609091526,0.2632504697643453,0.26864900200690145,0.8197882882433605,6,-0.05923326557886266,-1.9549780856735144,1.4289576116074856,1.3047609336367663,0.9636102443612622,0.29648046886083856,-0.05500994387644855,0.2234455914582674,True,0.2195359168175341,True,False,2.0,False,0,2
2022-06-30,371.46365136,-0.018705951390995238,0.3281861866321084,0.2622608298200781,0.2602971547004534,0.25550931993724363,0.9292323445149189,6,-0.06788903193165502,-2.457807256784252,0.5386232450834438,-1.5266405876664726,0.33777582536300393,0.3129429228951792,-0.05629639268195028,0.22349098840010703,True,0.21954892163643094,True,False,2.0,False,0,3
2022-07-01,360.84593949,-0.028999909634524864,0.29360692298150876,0.2688349228360279,0.20099720325253048,0.2584597822968585,0.992412132298095,7,-0.09260971972897827,-3.719180467262954,0.92866919278835,-0.3064812904339805,0.45871490376761537,0.3224463567746692,-0.041265974412361545,0.2257051725657755,True,0.2195619264553278,True,False,2.0,False,0,4
2022-07-05,341.9052015,-0.053917596786971854,0.3450216784853582,0.2896501874089159,0.2261950146768708,0.2776248321767361,0.9999939171550848,7,-0.11882666380848739,-4.39721416214656,1.5718511866417195,1.6851816203778558,1.3015648510655764,0.3235868004767626,-0.08431375053672778,0.23144660417603757,True,0.21977149216932476,True,True,3.0,False,0,1
2022-07-06,341.00088809,-0.0026484283926274236,0.3438483002525635,0.2892663929462071,0.23416205116567046,0.35092626987041364,0.9899779537566621,7,-0.10968624908689306,-3.4452420827990475,1.572456805173214,1.617961011131662,3.9460688712948513,0.3220802103276636,-0.08423758382270016,0.23145070572397217,True,0.21998105788332173,True,False,3.0,False,0,2
2022-07-07,357.39043622,0.04694376140037236,0.38209664021939,0.30459917659870056,0.2809513862667139,0.32083500556877903,0.9998498112475258,7,-0.1011452539526761,-2.7870914661870985,1.8512200618541905,2.3328972952386144,2.5547570437161617,0.32356512422535083,-0.0540446755888175,0.23448697404188715,True,0.22000919467314622,True,True,4.0,False,0,3
2022-07-08,352.39520863,-0.014075545476547414,0.3851620146377362,0.3035631191360581,0.28020449890315063,0.35971076505903377,0.9942349534615152,7,-0.10495751573458556,-2.7295739372334076,1.835055535790517,2.16151391170517,3.5204902722900764,0.3227205435202808,-0.05401319176848077,0.23448353756532989,True,0.2200373314629707,True,False,4.0,False,0,4
2022-07-11,343.10583153,-0.026714351263572817,0.3927555102038468,0.3065459036789571,0.2819810770312712,0.33406680741889694,0.9982660547311332,7,-0.11077443317257563,-2.7456004144808257,1.7983100338290967,1.9507108373050526,2.470597013942785,0.32332689731983477,-0.05855964037739143,0.2345340428571229,True,0.2200410020152083,True,False,4.0,False,0,0
2022-07-12,328.87153931,-0.04237172981740627,0.415127531552717,0.31860596292943993,0.28930422915348314,0.32940336083053046,0.9998833045687626,7,-0.12582330239923384,-3.0521050028406056,1.562607758664265,1.2415959888952528,2.1838750530913456,0.32357016225372903,-0.07227165305728768,0.2355448460613288,True,0.2200446725674459,True,True,5.0,False,0,1
2022-07-13,332.32413387,0.010443582983815015,0.41106908345713306,0.3192940823446166,0.3015509873867073,0.35586603176401704,0.9886190987352975,7,-0.10951809607042573,-2.292626148719498,1.5753355166824836,1.2340684322603335,2.750791736105888,0.3218758128565662,-0.0730397027785721,0.2355889406637687,True,0.22006047093613998,True,False,5.0,False,0,2
2022-07-14,321.19303023,-0.034068516798513734,0.42627856994046626,0.3249963841109057,0.30827735818567453,0.3297083172333198,0.9955803343710514,7,-0.11800121175479172,-2.442549601462359,1.3775507777108684,0.6578942488816615,1.9020588238892169,0.32292291423036273,-0.08715196594698313,0.23178450042908644,True,0.22007626930483407,True,False,5.0,False,0,3
2022-07-15,323.59315576,0.0074447519738679805,0.4270594770782039,0.3234762460391628,0.3067432047906564,0.339804653712028,0.9586484531819047,7,-0.12031627228754749,-2.37080084651162,1.35896706790967,0.583651091701079,2.067678409392608,0.3173676614629627,-0.0872076940208405,0.2317844964109437,True,0.2200938983225666,True,False,5.0,False,0,4
2022-07-18,334.9148445,0.034389269337878434,0.4416381663197286,0.3299336845454465,0.3267012838174822,0.31624774763724645,0.953516781742089,7,-0.11493688250224637,-2.0729127378023398,1.4115018326097648,0.7055313013300168,1.373862538180599,0.31659576111427956,-0.08139757545786276,0.22051442781979938,True,0.2201115273402991,True,False,4.0,False,0,0
2022-07-19,329.44760038,-0.01645899037150117,0.4375774771829336,0.3309564760230291,0.3289468616095371,0.33154737322467986,0.7814623882741965,7,-0.10863061557339648,-1.7853860672547706,1.1307416840450621,-0.0994856887271031,1.7069812817476802,0.29071552932861233,-0.0687631581530888,0.21900420037241175,True,0.22011635649577282,True,False,4.0,False,0,1
2022-07-20,332.86444281,0.010318014834769795,0.4387317042136495,0.3275139846069095,0.33770538411714374,0.316746801019532,0.5439800019196956,7,-0.10102632009650575,-1.4781985631103267,1.1420907415545445,-0.0685784734213096,1.2710789388257178,0.25499369113553644,-0.07009053156864292,0.218948496810325,True,0.22012118565124658,True,False,4.0,False,0,2
2022-07-21,330.16812533,-0.008133333031426423,0.43123278884310684,0.3227288611068431,0.3284242646144703,0.3006857785554347,0.4049838911331505,7,-0.10280852422863657,-1.47660885585614,0.9020555222312656,-0.7292272131274847,0.8266854428332453,0.23408604970914434,-0.06884977395751932,0.2190897524953764,True,0.22016666657248157,True,False,4.0,False,0,3
2022-07-22,335.26251775,0.015311864596677025,0.392836109515317,0.3242336169760724,0.3086307124851737,0.2872554031748635,0.31510046907534506,7,-0.08420539703014329,-0.8532967629881295,0.9444567936809645,-0.5951623501295434,0.4691981811169759,0.22056588466332086,-0.07505980921009352,0.2222072931232983,True,0.22021214749371656,True,False,4.0,False,0,4
2022-07-25,335.98937943,0.002165690606308884,0.3929078242523337,0.3242196949779142,0.3107952700118301,0.2827233672976756,0.2393863987687005,7,-0.08211255424050362,-0.7604579024850742,0.5721057263691275,-1.582353687308206,0.3397049496676464,0.2091770578540947,-0.07634855279260033,0.22215984740972805,True,0.22022465681196063,True,False,4.0,False,0,0
2022-07-26,339.03839581,0.009033812318849468,0.3937187869032524,0.3241803387451019,0.3157484317278334,0.2716212352286525,0.21387148137276618,7,-0.077970355175419,-0.6056352946614856,0.4864218547578247,-1.7403430208501631,0.039528982879154614,0.205339132167401,-0.1072323077104454,0.21807186064408826,True,0.2202371661302047,True,False,4.0,False,0,1
2022-07-27,343.50941557,0.013101159027674001,0.3962213633684519,0.3250616578354391,0.3174882593412961,0.26590960538875985,0.21630080794866197,7,-0.07873310402715578,-0.6080854249226795,0.5161530183113701,-1.6109184199504831,-0.1220774116904543,0.20570454878711086,-0.10648971128382834,0.21807582128995004,True,0.2202719335595184,True,False,4.0,False,0,2
2022-07-28,348.06046586,0.013161695181654371,0.3989652563556896,0.3193242373628287,0.31509895282271316,0.26478292654783786,0.23293845573297073,7,-0.08386630353297642,-0.7478407802655097,0.5735850121492269,-1.4182561875991246,-0.16736479581480107,0.20820716538612583,-0.10533022483680211,0.2180646194188148,True,0.2203067009888321,True,False,4.0,False,0,3
2022-07-29,357.71375211,0.02735687430576516,0.4052088335705855,0.3241211245005841,0.32766330533702853,0.2639317542794002,0.2656920976231468,7,-0.07754552823355698,-0.5256724000565915,0.7522628800162395,-0.9391426182472002,-0.18901924338525083,0.2131339320141497,-0.10224826530594402,0.21813492943042964,True,0.22036814366437812,True,False,4.0,False,0,4
2022-08-01,354.70192126,-0.008455313115995705,0.39306293144130094,0.32355682588268064,0.3201702427587239,0.28286273698313774,0.20790782178392456,8,-0.07289268868257703,-0.36065040805019444,0.7746194762953181,-0.864672273601703,0.2984745489326313,0.20444208508049336,-0.10077931668063957,0.2184992371567019,True,0.22042958633992416,True,False,4.0,False,0,0
2022-08-02,352.2763036,-0.006861957249913114,0.3441833903166233,0.3231317901165431,0.28718836179201024,0.27374640298629555,0.17126027970706392,8,-0.05699502852461308,0.16190360055926764,0.7648207209426907,-0.8719511681082985,0.045521712162989524,0.1989296022882353,-0.09347415551931668,0.22403376185403334,True,0.2204488776231378,True,False,4.0,False,0,1
2022-08-03,347.20448814,-0.014501911719229356,0.3478845730683085,0.3243156848369923,0.2906876254887126,0.26603457296972166,0.15546537355130727,8,-0.057196947579595925,0.1658811895123602,0.7740899391062399,-0.8305195764755353,-0.17104277052102335,0.19655374995395516,-0.09393702087480547,0.22405385942500167,True,0.22046816890635149,True,False,4.0,False,0,2
2022-08-04,348.79508483,0.0045706909052727045,0.30581052081103843,0.32252523011203715,0.2569726267439934,0.2659892599949417,0.12460537151662471,8,-0.04883789406704503,0.4407554936999845,0.7294359350400824,-0.94424167626094,-0.18787586802302464,0.19191182254096653,-0.09684160535831121,0.22801919481845287,True,0.2206159297334343,True,False,4.0,False,0,3
2022-08-05,355.93746021,0.02027044157378005,0.31016281915310695,0.32464629218913044,0.2585520697749918,0.25915959739679495,0.12093873096145896,8,-0.05161074937811516,0.3560660597749988,0.6031174461252546,-1.245797486973876,-0.3828730855621281,0.19136029051943682,-0.0948618054105621,0.22800605653305597,True,0.22076369056051712,True,False,3.0,False,0,4
2022-08-08,359.3347613,0.009499394873940258,0.2972303935050641,0.3241914399596258,0.2502258094331715,0.26789747532289765,0.09407274689076754,8,-0.04700458407189256,0.5078433222943665,0.6113605147490334,-1.2093281340227862,-0.16236592769276015,0.1873191388761381,-0.0967309952005451,0.22817248989900132,True,0.22078929558940893,True,False,3.0,False,0,0
2022-08-09,359.3099305,-6.910452492931316e-05,0.2563676794145432,0.31979725845842216,0.21499096897491254,0.26289335019277443,0.08341381130675163,8,-0.04137671043963065,0.6828650140581233,0.6007505314845285,-1.2029386178261996,-0.3150257111301934,0.18571583356121565,-0.09504098033876751,0.23182715989690458,True,0.22081490061830075,True,False,3.0,False,0,1
2022-08-10,365.6109465,0.01738444812310934,0.26107103391043623,0.3197344956603979,0.21564199096688533,0.255840617391533,0.09198681855222322,8,-0.04542904294355091,0.5489895760195616,0.6374612040613234,-1.0815978231359946,-0.5109059454902283,0.18700537583991608,-0.09509693401291838,0.2318009610629409,True,0.22081937038086208,True,False,3.0,False,0,2
2022-08-11,371.25931218,0.015330992791132952,0.23768722322889957,0.3211821187521469,0.1831204136269167,0.2614661584526214,0.0914277000319866,8,-0.054566809601982874,0.25570877377682877,0.7122700312101694,-0.8813803623983012,-0.3595241860124725,0.18692127384979698,-0.10031086918628514,0.23297991544603203,True,0.22082384014342343,True,False,3.0,False,0,3
2022-08-12,367.53017681,-0.010095344065011764,0.23891632583025915,0.3210302191796163,0.19372026348358484,0.2630313666796962,0.08919296136054278,8,-0.04519606234667431,0.5607733568244094,0.597251817390906,-1.129384540687965,-0.327241258385342,0.1865851269277008,-0.1005642483029457,0.2329420126639668,True,0.2208282536585756,True,False,3.0,False,0,4
2022-08-15,362.40232398,-0.01405044215384078,0.21134664308952028,0.3209637447623834,0.1767667536860565,0.25934997431638585,0.08857901184949782,8,-0.03457988940346379,0.8985585202888727,0.6397593992126037,-1.002943004537957,-0.44201985847401487,0.18649277732051972,-0.09415134002347166,0.2345689226488637,True,0.2208326671737278,True,False,3.0,False,0,0
2022-08-16,362.9383022,0.0014778665311351873,0.20317874811526443,0.3170360285507257,0.1671167890346609,0.25999127057431476,0.07541604289539962,8,-0.03606195908060353,0.8464064996604503,0.6485283475498632,-0.9609913222725457,-0.4366866473561106,0.18451281807243938,-0.09840903154066975,0.2340544268024613,True,0.2208606527155426,True,False,2.0,False,0,1
2022-08-17,358.87850632,-0.011248944724246914,0.20380033858999555,0.31785726621479093,0.17673717148548457,0.25328378715080135,0.08068849305946171,8,-0.027063167104510982,1.131488623636187,0.5751357625239849,-1.1121807069626808,-0.6251329538813032,0.18530589420129612,-0.09245346306820056,0.2335266850869914,True,0.22088863825735738,True,False,2.0,False,0,2
2022-08-18,363.51399031,0.012833875314862414,0.20682456177108982,0.31720761254865315,0.16977305811415427,0.2527900576468361,0.08340324305838807,8,-0.03705150365693555,0.8200179943090076,0.5448938178395442,-1.1533609097605573,-0.6460583263320414,0.18571424389697225,-0.08850003817771303,0.23328024687602295,True,0.22094709037552288,True,False,1.0,True,0,3
2022-08-19,366.97848638,0.009485442099996645,0.202375780599635,0.3172715760945982,0.17339707403758076,0.2537123058005579,0.09146894402497704,8,-0.028978706562054257,1.0788792464805266,0.5392681685326273,-1.1383724553237025,-0.6264877494130142,0.18692747772565765,-0.08827761714792756,0.23329299873709802,True,0.22100554249368837,True,False,1.0,True,1,4
2022-08-22,365.33081819,-0.004499931818625025,0.20285956256113208,0.3165427545768474,0.17289039633083156,0.25151154691545263,0.1148778763234914,8,-0.02996916623030052,1.0465397440164725,0.45059630815569085,-1.3030627433683735,-0.6991128492490066,0.1904486234606174,-0.09055251648085265,0.23321862505036034,True,0.221072696818264,True,False,1.0,True,1,0
2022-08-23,369.23146242,0.010620422520453865,0.2038256990720344,0.3172820350796035,0.17191027177553625,0.2471555348777981,0.16326371017472768,8,-0.031915427296498156,0.9874065585770219,0.5074142158152088,-1.1652017769436087,-0.8334248855786841,0.19772676713351617,-0.08161632603581756,0.23187784344817472,True,0.22113985114283963,True,False,0.0,True,1,1
2022-08-24,364.78027219,-0.012128538508832887,0.2030658149251141,0.31743581656611836,0.17663426986597477,0.2472997126771479,0.2443046433204921,8,-0.026431545059139333,1.1598278703860343,0.5172085171905471,-1.1281201368504545,-0.8466373217006378,0.20991685476606792,-0.08146152532082128,0.23187886738591165,True,0.22120510565579954,True,False,0.0,True,1,2
2022-08-25,369.7406067,0.013506518494385398,0.20335090987178794,0.3186014374761217,0.17538700451476033,0.24855130599190867,0.3289982099661986,8,-0.027963905357027613,1.1158071187488172,0.5237824181033368,-1.1105120633014331,-0.8292436460232562,0.22265636749437717,-0.08104322339392038,0.23184274496499363,True,0.22127036016875945,True,False,0.0,True,0,3
2022-08-26,369.72326342,-4.690771436976422e-05,0.1786667240015391,0.3182358507800997,0.158631666479446,0.25064443946829423,0.4469896129637511,8,-0.020035057522093114,1.3686469192482429,0.479795362829109,-1.1995987310084846,-0.794163775203811,0.24040450398042731,-0.08092625969381291,0.23313805456845274,True,0.22136181303351904,True,False,0.0,True,1,4
2022-08-29,361.13765402,-0.02349559036504764,0.1948762014562599,0.3047842008098623,0.1725089360891841,0.2452018179423239,0.6935684064857219,8,-0.022367265367075784,1.2694423386254274,0.7345069568221385,-0.6123933600544587,-0.9841239416008987,0.2774946136902364,-0.08801156765396984,0.23365449113005898,True,0.22145326589827866,True,False,0.0,True,0,0
2022-08-30,355.21250527,-0.01654298194987667,0.20206852724917135,0.30459473321083985,0.17964658370513933,0.26149974361565426,0.750715560866677,8,-0.022421943544032014,1.245590136173749,0.792190256185312,-0.4594338090678746,-0.46944341319055144,0.28609062551801007,-0.08975809269346062,0.23376822800946986,True,0.22145640801204186,True,False,0.0,True,0,1
2022-08-31,351.81329897,-0.009615582543938366,0.19836035366196775,0.30474150776813963,0.17833168922537007,0.26301914015779676,0.785984281626798,8,-0.020028664436597676,1.299415935444037,0.7728559348514423,-0.47830311406496223,-0.4078253530248523,0.29139570753107846,-0.08917466573892106,0.23377871573137338,True,0.2214595501258051,True,False,0.0,True,0,2
2022-09-01,340.65414143,-0.032232919652410555,0.22841740426002524,0.3118185517650462,0.19915256955482374,0.2576102700063061,0.8494811668408146,9,-0.029264834705201498,1.001446397403281,1.0072187312268315,0.08761559722888684,-0.5618328256552483,0.30094683885579715,-0.10004167357081907,0.23553199225097132,True,0.22160023869385015,True,False,0.0,True,0,3
2022-09-02,341.26671559,0.0017966141333477482,0.21688235758197125,0.31176310928605,0.18511201840357389,0.28623367593696697,0.7028485491503255,9,-0.03177033917839736,0.9168266576611017,1.0082276718073893,0.1185784795107248,0.29545461317262267,0.2788905224974638,-0.10053897539570182,0.23581308186702402,True,0.2217409272618952,True,False,0.0,True,0,4
2022-09-06,346.11822692,0.014116084279975632,0.22002653526088853,0.3114559754002537,0.19141563448164378,0.27203419461787715,0.6440043931904413,9,-0.028610900779244747,1.0054607527614432,0.9139137860188064,-0.11454614123005967,-0.15004131720524536,0.2700392495669766,-0.09982539580709658,0.23583085767573086,True,0.2217517647973943,True,False,0.0,True,0,1
2022-09-07,342.95385226,-0.009184516395032954,0.22242862529404647,0.3095856089741304,0.19286260760140914,0.268140222321913,0.6101745214055283,9,-0.029566017692637336,0.9659838366877981,0.8636018915151191,-0.23856683744100052,-0.28148628771791556,0.26495059762716816,-0.1003416735901067,0.23584158051259727,True,0.2217626023328934,True,False,0.0,True,0,2
2022-09-08,352.53965272,0.027567209313231547,0.23503598971042136,0.3121846636103429,0.20476103408439084,0.26119668071419117,0.602178991271682,9,-0.030274955626030525,0.9381022050893144,1.0385700194333158,0.1804895796328159,-0.501796698823717,0.26374791881762155,-0.09454729717922972,0.2361640222325462,True,0.22179695676693698,True,False,0.0,True,0,3
2022-09-09,356.61400257,0.01149086562816157,0.23225874512272568,0.31206450185965134,0.19781705001781227,0.27950530245872673,0.47388540002802243,9,-0.034441695104913406,0.8089590638983927,0.7810844039707888,-0.42992094189355523,0.05232600827770332,0.24445013855709502,-0.09593039029343059,0.23614687495008232,True,0.22183131120098054,True,False,0.0,True,1,4
2022-09-12,360.79231715,0.011648522491817886,0.23317301130720755,0.3129592417086772,0.20596297045911582,0.27139150445512084,0.3984592048349925,9,-0.027210040848091727,1.024566810358988,0.821444511838886,-0.3242253859265235,-0.21192128793850187,0.23310461360442433,-0.12003444270059681,0.23336218549958435,True,0.2218847129593982,True,False,0.0,True,1,0
2022-09-13,355.37529068,-0.015128106107898356,0.23402105896736738,0.313303649056135,0.1994970031223027,0.26547329740543213,0.3594093382490583,9,-0.03452405584506468,0.8041805788669312,0.8297495859385425,-0.2976061503253377,-0.414383576788378,0.22723077581351692,-0.11815819384043057,0.2332369608664203,True,0.2219381147178159,True,False,0.0,True,1,1
2022-09-14,351.76981439,-0.01019736262730735,0.23674577649892065,0.3102709648643391,0.20550850911135785,0.26436799805092903,0.30059951870275664,9,-0.0312372673875628,0.9015928487331758,0.8439707180525451,-0.25460981407258076,-0.46754276566954417,0.21838466772842707,-0.11887049052990908,0.23324752651936217,True,0.2219642327439269,True,False,0.0,True,1,2
2022-09-15,348.68372181,-0.008811755210897814,0.235441132607327,0.31061906639002435,0.20427710646253153,0.25907937269211084,0.25786967240286246,9,-0.031164026144795465,0.8981466446130026,0.5952134576585035,-0.8355497925110871,-0.6408246774281577,0.21195729145446074,-0.1162041553207572,0.2330808551317815,True,0.2219903507700379,True,False,0.0,True,0,3
2022-09-16,351.27149392,0.00739414134507491,0.23247813994740055,0.30702019644675393,0.2017283959838096,0.25414033388116636,0.234408934080066,9,-0.030749743963590953,0.9018680945679547,0.5668039719214223,-0.8779440412862141,-0.8089333712512657,0.20842835311456204,-0.11293210337039787,0.2328983498355137,True,0.22200155370660485,True,False,0.0,True,1,4
2022-09-19,350.99688943,-0.0007820500267597847,0.23004374417182905,0.28763187685247715,0.19708248915311413,0.24954277304421035,0.2440135546080462,9,-0.03296125501871491,0.8159412973335973,0.5326815144726107,-0.9335644696516403,-0.949362614009505,0.20987306952352658,-0.11383594706213598,0.2328161990992312,True,0.2220127566431718,True,False,0.0,True,1,0
2022-09-20,350.08120196,-0.0026122282294837366,0.2296757737376147,0.28768010099366087,0.19764175860257818,0.2439748073473436,0.29547495836119597,9,-0.03203401513503651,0.8272479750896249,0.3852747445199654,-1.261014586408808,-1.0982017105010522,0.2176138370232874,-0.10808947277619863,0.23242877265532474,True,0.22208636345026306,True,False,0.0,True,1,1
2022-09-21,346.4765464,-0.010350003992530282,0.22952017136722555,0.2882353828772663,0.19759959112484163,0.23993982111392656,0.40830828432605704,9,-0.03192058024238392,0.8102963300066831,0.3869986187770517,-1.2219202828538884,-1.1880674512760476,0.23458610126054616,-0.10752048265644472,0.23211590214672045,True,0.2221599702573543,True,False,0.0,True,1,2
2022-09-22,346.8458675,0.001065366206334741,0.22547800758663114,0.288136209621996,0.1948077405869456,0.24071252426893994,0.5530476521624313,9,-0.03067026699968553,0.827907954130012,0.3215949458161221,-1.347764803870542,-1.1271617716426423,0.25635763706742076,-0.1184167836091241,0.23136097165330405,True,0.22217262296418824,True,False,0.0,True,0,3
2022-09-23,334.15329432,-0.03728064267371968,0.257009391631803,0.2980932156846214,0.21140204201159454,0.23698750154596426,0.8564805876342391,9,-0.04560734962020843,0.3744353995239569,0.9240792460882986,0.20144679224712125,-1.2146737523218931,0.3019996839988248,-0.13490700642273626,0.2335311349347489,True,0.2221852756710222,True,True,1.0,True,0,4
2022-09-26,329.18997966,-0.014964822831616436,0.26244145687134546,0.29720448367738944,0.20805946318241766,0.2840435941962914,0.7542332741686396,9,-0.05438199368892779,0.10596295726311532,0.993211016760764,0.36159593288030434,0.2637510982009257,0.2866197560666427,-0.13677499915397784,0.23357697043814435,True,0.22228812849174104,True,False,1.0,True,0,0
2022-09-27,328.11846837,-0.0032603026550276065,0.24910582500302467,0.29127816831892683,0.20707998601904062,0.27720753847327445,0.6347741094014764,9,-0.04202583898398404,0.45312247842981995,1.0145336109838317,0.41259542228936597,0.03643530861740442,0.26865084047674037,-0.13598630050416008,0.2338794610349207,True,0.22239098131245988,True,False,1.0,True,0,1
2022-09-28,335.41955585,0.022007426514088515,0.25437764216254094,0.27325316753679046,0.2103350812941091,0.2647850293404423,0.5846687471358579,9,-0.044042560868431835,0.36558193109162174,1.1933815401334666,0.9121495294340578,-0.3525867398883205,0.26111404723942605,-0.13349034214890795,0.2339417369594833,True,0.22245379439245,True,False,1.0,True,0,2
2022-09-29,341.19483604,0.017071527060086893,0.25925875626355216,0.2754303352835003,0.21483403502842413,0.27210542531390164,0.48491067868486454,9,-0.04442472123512803,0.3277006319168329,1.2627748301457513,1.1334416455653484,-0.08161505257643759,0.24610854879230876,-0.13136941706491392,0.23397857830775304,True,0.22251660747244015,True,False,1.0,True,0,3
2022-09-30,340.53625913,-0.0019320729816581222,0.23274713174943523,0.2581122575839147,0.2019451159231248,0.2707854455384131,0.38733302614785897,9,-0.030802015826310425,0.7331611798577725,0.8758729018095216,0.1409215330735002,-0.10001215541660731,0.23143102609812502,-0.12838838385853424,0.23539767217891927,True,0.2225496087397603,True,False,1.0,True,1,4
2022-10-03,340.35877458,-0.0005213272097248617,0.2326671038845064,0.25649750658003195,0.20514469262247437,0.2597188504747682,0.3503838330039421,10,-0.02752241126203203,0.8120005550733974,0.7781352143639612,-0.09843158494992396,-0.4570601499862509,0.2258731692856141,-0.1335827145028593,0.23512207834420648,True,0.22258261000708043,True,False,1.0,True,1,0
2022-10-04,348.26481776,0.022962880347327068,0.24138591449052466,0.25496715001251513,0.20659858154379762,0.2511936405888453,0.35923827599179003,10,-0.034787332946727034,0.5485926529935935,1.00665163396042,0.7177589517843997,-0.7538335668141217,0.22720504481776227,-0.13017744186408206,0.23528186847697025,True,0.22272410873785892,True,False,1.0,True,1,1
2022-10-05,349.41665247,0.0033018957952584845,0.23946117454040758,0.239819747943373,0.2073373083511445,0.2640313292671621,0.32018279811231193,10,-0.03212386618926308,0.6189423522937257,0.8547106337600942,0.25477248007912606,-0.22454209804194325,0.22133036298227915,-0.1304110263695116,0.23528770238538949,True,0.22286560746863743,True,False,1.0,True,1,2
2022-10-06,343.97719048,-0.01568970832231777,0.22553929741413603,0.24101727177686078,0.19721670564328087,0.2547416247189581,0.32671034165875756,10,-0.028322591770855166,0.7326715345834952,0.8270496895239736,0.21542463922853713,-0.5983562217557549,0.22231222887113003,-0.1267876391118427,0.23568455613620828,True,0.22292571838058023,True,False,1.0,True,0,3
2022-10-07,337.98032684,-0.01758765925714319,0.23043822452091056,0.23348170241841046,0.19923142913781336,0.2564012490881701,0.3119192908266324,10,-0.031206795383097202,0.6065788545751891,1.0056881024227748,0.9810156266126991,-0.5016553917735099,0.22008737534560574,-0.13152050924033826,0.2356087459247576,True,0.22298582929252303,True,False,1.0,True,1,4
2022-10-10,342.30095336,0.0127026415177985,0.2311389301674854,0.23443255532545768,0.19612436094726435,0.2598288346578381,0.25723118453044713,10,-0.03501456922022106,0.4330955076588464,1.0728208436900482,1.3247521712023727,-0.3042687515795578,0.21186125081407142,-0.12828626835808393,0.2338337151072726,True,0.22299434872926405,True,False,1.0,True,1,0
2022-10-11,345.545342,0.009433539795584913,0.22729467488290206,0.22442231678656,0.1984944752915956,0.25695303576423545,0.2249462247541901,10,-0.028800199591306447,0.6865291347948026,0.9040494827755126,0.6876386833740827,-0.43924545284093597,0.2070049828318394,-0.1297508878755974,0.23385722261406,True,0.2230028681660051,True,False,1.0,True,1,1
2022-10-12,341.79040419,-0.010926174541384535,0.22772098565597704,0.2230000102271243,0.1963175254075788,0.25213322833837665,0.22110819496865688,10,-0.03140346024839824,0.5506661469371884,0.9683526412296815,1.0092738371893777,-0.7565853472290837,0.20642767063162273,-0.12985629108394112,0.2338580380908866,True,0.22308555001858663,True,False,1.0,True,1,2
2022-10-13,343.30181893,0.00441230287270532,0.22610572036350676,0.22217928324809974,0.19711420935904608,0.2496318005922949,0.22264396530961003,10,-0.02899151100446068,0.6578993560210163,0.8445054320758124,0.4725205998049573,-0.970573300038081,0.2066586795096427,-0.15150668801481101,0.23223327836751623,True,0.22316823187116816,True,False,1.0,True,0,3
2022-10-14,341.48071558,-0.0053187911531135884,0.2253693880413973,0.22182113362749456,0.19215537869120014,0.24392090479855344,0.2625948987134744,10,-0.033214009350197166,0.41010786098145374,0.6539346606722509,-0.41423065672766374,-1.4457984416342151,0.21266805477583556,-0.1506120463519763,0.23220313535038947,True,0.22319092889421538,True,False,1.0,True,1,4
2022-10-17,340.89377772,-0.0017202811960586872,0.22543500816650752,0.2196186268002928,0.1981179698396396,0.2399033318394677,0.3442503020558289,10,-0.02731703832686791,0.7437489800932803,0.5203213689119841,-1.0163709325264976,-1.7508103694359296,0.22495057033651286,-0.15429230811466838,0.23206373698989957,True,0.22321362591726257,True,False,1.0,True,1,0
2022-10-18,335.74740887,-0.015211808534214416,0.23162597593377296,0.2217758296807376,0.1956044084957102,0.2357970435926637,0.5141189151157941,10,-0.03602156743806276,0.16167559459680048,0.6414201572665703,-0.4468440948137927,-2.031983977488086,0.2505020194479947,-0.1561074216590695,0.2312903466556391,True,0.2232447661186559,True,False,1.0,True,0,1
2022-10-19,331.50732089,-0.012709224420200603,0.2331009554710467,0.22253125631257514,0.20203204496616187,0.24158343045940525,0.6498778145560011,10,-0.031068910504884834,0.4685451021668016,0.6719547091052999,-0.3193718577177277,-1.4762050063169436,0.2709227231200303,-0.1562591356268942,0.23129597727242793,True,0.2232759063200492,True,False,1.0,True,0,2
2022-10-20,340.62198122,0.027123409390045795,0.252173182598832,0.2277918429315541,0.21987163897456288,0.2429240774649245,0.7947309845482804,10,-0.0323015436242691,0.35248491788605224,1.0613981849910705,1.5036363002626119,-1.313249556483412,0.2927113769214714,-0.143695691282494,0.23132771552356896,True,0.22336582198314822,True,False,1.0,True,0,3
2022-10-21,346.62397219,0.017467235833771938,0.22343581839493085,0.229004355762393,0.19533735578916578,0.2648361045996454,0.8260735960001604,10,-0.028098462605765068,0.6834798209008921,1.1750315111015748,1.9446984432956833,0.5347776909541122,0.2974258979098247,-0.1346212753573637,0.23098364557053427,True,0.22345573764624724,True,False,1.0,True,0,4
2022-10-24,342.41540828,-0.012215894665776461,0.2213190460830673,0.22344233910140016,0.18939249229275154,0.2649883407842945,0.8634128531257799,10,-0.031926553790315754,0.3228714055261132,1.2640998345558625,2.218912373863622,0.545718138574433,0.303042427715534,-0.13423737560485785,0.2309905053415876,True,0.2234951402657076,True,False,1.0,True,0,0
2022-10-25,339.10545046,-0.009713521758711536,0.22368958200306646,0.22365708502166506,0.19710617520458373,0.2595832977021729,0.9139657745004302,10,-0.026583406798482728,0.8814879099250448,1.2069798791714206,1.873207194631401,0.1276042405317476,0.31064654229958105,-0.13486033412185863,0.23100098681898446,True,0.223534542885168,True,False,1.0,True,0,1
2022-10-26,353.52413523,0.04164063574137135,0.25648038367228193,0.2389713105134197,0.22355731480264027,0.2535603714144481,0.9947890249635541,10,-0.032923068869641664,0.13116128351936,1.6321166446937516,3.2882613951801765,-0.3756057528948016,0.3228038863434984,-0.10863600216154674,0.2333621763034189,True,0.22362264835597745,True,True,2.0,False,0,2
2022-10-27,351.11602253,-0.006835040690238656,0.25039713376277406,0.23752940674145134,0.2167448617515154,0.30429305894616415,0.9840300098894684,10,-0.03365227201125867,-0.0027337216103743974,1.442496656065009,2.381206734665093,3.6057987612810956,0.32118552718224397,-0.10587114913211068,0.23331900221767188,True,0.2237107538267869,True,False,2.0,False,0,3
2022-10-28,342.11098591,-0.025981512743267446,0.26675303454081123,0.2432439922815553,0.22659196018092334,0.28612964858712514,0.9921844359099496,10,-0.04016107435988789,-0.8772569706530926,1.516341800975403,2.4667149143027847,2.076357239776765,0.32241210693551553,-0.10992142994831544,0.23356461126726719,True,0.2237266652567046,True,False,2.0,False,0,4
2022-10-31,336.63248647,-0.016143413945475263,0.2728322573246222,0.24194309172280343,0.23142669388982468,0.2930131556412842,0.986658320085072,10,-0.04140556343479751,-1.1074238535787821,1.5556300582456999,2.426988337313362,2.423042762000569,0.3215808746982,-0.11299198195615415,0.23356859923668405,True,0.22374257668662229,True,False,2.0,False,0,0
2022-11-01,346.44479032,0.02873167996240978,0.27963361151338545,0.2482430211314153,0.23917327382809406,0.28482621956706566,0.986411865891304,11,-0.04046033768529139,-1.0153005762542038,1.7019679439999038,2.6832272863854603,1.7700310625437432,0.3215438033306475,-0.10867798645511041,0.23365526087949423,True,0.2237687668718177,True,False,2.0,False,0,1
2022-11-02,346.12804879,-0.0009146808370085496,0.2794067405511607,0.2482500581590362,0.23972441418598947,0.2971235603269224,0.9675571571398875,11,-0.039682326365171244,-0.9141295785366829,1.216215965548769,1.1223777073532741,2.4557777668297303,0.3187076988702929,-0.10884247010948195,0.233647841044718,True,0.22379495705701313,True,False,2.0,False,0,2
2022-11-03,342.16027351,-0.011529526520712294,0.2768417253608709,0.24681385160886155,0.23473887040072589,0.27967522591773325,0.9767501016176197,11,-0.04210285496014504,-1.2773464717290277,1.252107846807849,1.1922225038878105,1.2531548043214877,0.3200904914225846,-0.1084318272686284,0.23366102975486883,True,0.22379543149925263,True,False,2.0,False,0,3
2022-11-04,367.90950806,0.07255774263799962,0.3729317955858038,0.28642859736484916,0.30826219336995075,0.2709274628165839,0.9999999448879618,11,-0.06466960221585305,-4.103795707697082,1.995894297348091,3.1278543158659913,0.6662998963705888,0.3235877071616828,0.005627032708467137,0.2523764037025463,True,0.22379590594149215,True,True,2.0,False,0,4
2022-11-07,360.14140079,-0.0213402716146872,0.3778665840031296,0.2890086582020425,0.31478018934479524,0.4069383207245401,0.9901203478272904,11,-0.06308639465833438,-3.500192689379235,2.0075676594608454,2.881243478485523,5.918270115268382,0.32210162908645545,0.00434039590580655,0.2524153410620386,True,0.22394543862687027,True,False,2.0,False,0,0
2022-11-08,367.8325608,0.02113110249540666,0.3837812609196938,0.29081310235466945,0.3170347801483585,0.37889402639877745,0.9717285603433351,11,-0.06674648077133527,-3.451169940153349,1.937682948625079,2.5048812436128847,3.9893855314216373,0.31933515673173274,0.007342318240056251,0.2523960146042623,True,0.22409497131224843,True,False,2.0,False,0,1
2022-11-09,369.34892353,0.004113952672132171,0.3820956712928777,0.2909195261115815,0.309596910500247,0.35742977572259005,0.9512213887999534,11,-0.07249876079263068,-3.5392526127954365,1.9394455770660586,2.346395032071934,2.9350508002524207,0.31625049064379473,0.007065612160740375,0.25239766757567184,True,0.22409616146352007,True,False,2.0,False,0,2
2022-11-10,375.00840277,0.015206643633979245,0.3855715877820633,0.29167434638040113,0.3168487482309768,0.3294566300408128,0.9626522249380236,11,-0.06872283955108649,-2.8984969125575275,1.9494226126680203,2.2298725189370656,1.9270268840079474,0.3179699043872888,0.0019494983415469787,0.2493277480232071,True,0.22409735161479175,True,False,2.0,False,0,3
2022-11-11,390.30261702,0.039973946207938885,0.41041777183706507,0.30181682858938264,0.32939676607318685,0.3142206565014017,0.9900842400821999,11,-0.08102100576387822,-3.475633847484208,1.233051630747108,0.56391930901626,1.3957879101874138,0.3220961977993295,0.018550140240545354,0.25030148760015464,True,0.2241829580846248,True,True,3.0,False,0,4
2022-11-14,382.76440953,-0.01950269811709222,0.41617056041604866,0.3038305462461136,0.3360983524484133,0.34234447776687255,0.9389124730939252,11,-0.08007220796763537,-3.062745846161171,1.2080369086633036,0.48403789142804005,2.1342658894083026,0.31439899714176045,0.018918191453243582,0.25015418045160215,True,0.22426856455445782,True,False,3.0,False,0,0
2022-11-15,381.81598118,-0.0024809133165932013,0.41274672450334954,0.30373311330700004,0.3321028716630535,0.3288695713234542,0.8407110829071462,11,-0.08064385284029602,-2.831385612864774,1.1044038734226929,0.22094168275992643,1.6593949145813822,0.29962765251938167,0.019307389504594086,0.2501820368969883,True,0.22427108261442102,True,False,3.0,False,0,1
2022-11-16,377.23644044,-0.012066614045962699,0.41250363796189854,0.30395987445590944,0.32620500085093085,0.3078285856861822,0.803705297886692,11,-0.08629863711096769,-2.9107418332376747,1.134937628472459,0.2713746960114325,1.0135416348061366,0.2940612832193228,0.019683072163541378,0.25017946870994306,True,0.2242736006743842,True,False,3.0,False,0,2
2022-11-17,369.26986592,-0.021344433138832882,0.40820345477982534,0.30608370664544565,0.32949545430089344,0.2961268326602677,0.779391153219621,11,-0.0787080004789319,-2.2929075723897023,1.1793886581212516,0.35507914287465525,0.6518904122148438,0.2904039764399323,0.02386498946434099,0.25005190160370255,True,0.22435788861952022,True,False,3.0,False,0,3
2022-11-18,364.0072116,-0.01435404116709767,0.40667165015295437,0.3062456657472281,0.3319493449771079,0.2972661689852983,0.6793953187061259,11,-0.07472230517584649,-1.9538386958224072,0.8009392625450337,-0.5743973867669202,0.661898697440657,0.27536271348436925,0.03003267398131377,0.24628244338041344,True,0.22444217656465626,True,False,3.0,False,0,4
2022-11-21,357.59086099,-0.017784193071270108,0.4092513335238919,0.30840681598334635,0.335370194755937,0.2902552414967089,0.5685980517649275,11,-0.07388113876795493,-1.8222408494893743,0.7736864212909991,-0.6608218811492469,0.44048282560872576,0.25869671099608194,0.026605661672410755,0.24610700018176754,True,0.2244436459399272,True,False,3.0,False,0,0
2022-11-22,361.47089512,0.01079204047585534,0.4095916392735521,0.30542650622254985,0.3334945732492022,0.288657925153259,0.37847829766752883,11,-0.0760970660243499,-1.8569693695814762,0.8184921358214541,-0.5550525434311963,0.37498106107826595,0.2300991076225131,0.026520801436434042,0.2460913734149144,True,0.22444511531519812,True,False,3.0,False,0,1
2022-11-23,361.86312918,0.001084517208558673,0.38201106624538345,0.30354715546615896,0.3134336622053059,0.28095619284870416,0.2633246951602626,11,-0.06857740404007756,-1.3933071000739137,0.7741127908545455,-0.6636867856551525,0.14056179001457753,0.21277782995110742,0.025777150627445046,0.2477218195543137,True,0.22449116042149875,True,False,3.0,False,0,2
2022-11-25,363.0053331,0.003151481750925586,0.38140392216048147,0.3029756751156409,0.31272901700437067,0.2712569705777254,0.21422950393671883,11,-0.0686749051561108,-1.3512900197487463,0.597349025834926,-1.0861886945990897,-0.14751650615235293,0.20539298552593976,0.02789590524454967,0.24737506957969127,True,0.22453720552779938,True,False,3.0,False,0,4
2022-11-28,361.38622606,-0.0044702611889246065,0.37042576738912675,0.29582858658359557,0.3042320967193227,0.2642007671062991,0.20561072789502183,11,-0.06619367066980403,-1.175300133907091,0.5168419810182528,-1.2467838312496364,-0.3580277332817099,0.20409655875547483,0.058447974372376706,0.2429026803540067,True,0.22457467922976032,True,False,3.0,False,0,0
2022-11-29,363.84277572,0.006774574787313854,0.3667558326359257,0.29613131244957513,0.2991051229696953,0.2591830483644661,0.22481674870285792,11,-0.06765070966623038,-1.2109471172502664,0.3334418260222421,-1.6254443436243304,-0.49137342426737063,0.2069855071872387,0.058819553877131184,0.24290018398857982,True,0.2246121529317213,True,False,3.0,False,0,1
2022-11-30,373.66623538,0.02664114071092377,0.3647619452169101,0.29972954090917253,0.30491465814099256,0.2562629938095745,0.28396802500640306,11,-0.05984728707591752,-0.767125895165573,0.6643552436408726,-0.8281195802124887,-0.5677252203741054,0.21588297682052343,0.05844451452047576,0.24287509660592144,True,0.22480986721454826,True,False,3.0,False,0,2
2022-12-01,381.68907036,0.02124334502888366,0.37246054733676814,0.3022893978183269,0.3033964220556275,0.2772549175722407,0.25877413850036973,12,-0.06906412528114064,-1.2173281986287021,0.8259411760036585,-0.4460894695304121,0.041390113857460345,0.21209334024562476,0.06059353369682044,0.24298055503271127,True,0.2250075814973752,True,False,3.0,False,0,3
2022-12-02,384.95817986,0.008528379416876657,0.37144095166103247,0.2974769997549948,0.2945973676694091,0.2831674937949904,0.19671350981549898,12,-0.07684358399162339,-1.5655955479921082,0.8603470045100018,-0.3577935196075876,0.2038116048154023,0.2027582490412934,0.06024385976021303,0.24298404659491635,True,0.22502652289147465,True,False,3.0,False,0,4
2022-12-05,379.55718689,-0.014129429072238867,0.272304179935945,0.2979538364074704,0.23185007412093692,0.27484320917048816,0.16990527366713093,12,-0.04045410581500811,0.3467101260584189,0.9164193784737554,-0.23183684762947232,-0.03760975530419085,0.19872578377667266,0.07460095160166996,0.26263755011231277,True,0.2250454642855741,True,False,3.0,False,0,0
2022-12-06,381.89825677,0.006148954021505516,0.2624649256415209,0.2972631816741819,0.2249575713588274,0.272947377510419,0.12987344350241936,12,-0.0375073542826935,0.5141653609441452,0.9160349270690493,-0.23676311647421214,-0.09388164790178227,0.19270424010908513,0.07244789014025994,0.2627626072655302,True,0.22505855458599452,True,False,3.0,False,0,1
2022-12-07,386.07223574,0.010870261582463252,0.2544611753862001,0.29648013718862676,0.21671140462718905,0.2658896144417498,0.11808600424539294,12,-0.037749770759011064,0.5050453288946122,0.7101804001262396,-0.7153888908807268,-0.3007525958041945,0.19093118651840046,0.07117900087967931,0.2628444415253769,True,0.22507164488641496,True,False,3.0,False,0,2
2022-12-08,388.2457327,0.0056139796751520235,0.254822194893033,0.29596638341709663,0.2192512586416948,0.2633961162117876,0.12033050972191833,12,-0.03557093625133817,0.6261281600898023,0.5143836101396075,-1.151033287030971,-0.37322696243645304,0.191268802552527,0.07072275576561504,0.2628260880200391,True,0.22508810996558926,True,False,2.0,False,0,3
2022-12-09,387.86305089,-0.000986155160474017,0.24906415880574423,0.29542184600301913,0.2158104225845309,0.25835039326309117,0.14774262473201316,12,-0.03325373622121333,0.7522628399168613,0.4734190672784222,-1.2351194384547795,-0.5204959246567159,0.19539210260838413,0.07117868954338095,0.2628839062090028,True,0.22510457504476353,True,False,2.0,False,0,4
2022-12-12,380.16956147,-0.02003494810281651,0.21669526553252086,0.29787634269389085,0.19064206971362,0.25335681194652326,0.21400583008639865,12,-0.026053195818900865,1.1265311465424206,0.5788339068886813,-0.9920197059889149,-0.6661113078836142,0.20535934075248177,0.07857884433126923,0.264835288081346,True,0.22511883112902514,True,False,2.0,False,0,0
2022-12-13,384.213214,0.010580275696910212,0.20874586056712546,0.2986601817941539,0.18177985586652065,0.26403432916294006,0.2194436326120793,12,-0.026966004700604812,1.0676019014185132,0.6125192904337241,-0.9199941011493711,-0.36220192922390787,0.20617728900089755,0.07730862581413125,0.2649280505373888,True,0.22513308721328676,True,False,2.0,False,0,1
2022-12-14,387.81392981,0.009328018963074107,0.21117204500297063,0.29922348610264166,0.18762384897848824,0.2613208963700173,0.24933297039924746,12,-0.023548196024482382,1.2309006950999615,0.5968530787244731,-0.974430404762524,-0.4531814056304578,0.21067321017013155,0.07749477809042625,0.26493631873200796,True,0.2251680308269729,True,False,2.0,False,0,2
2022-12-15,376.50805651,-0.029586216807174517,0.23192319811979945,0.3045672758737286,0.20074024037783963,0.25832347747548146,0.31677441569034026,12,-0.03118295774195981,0.8302568313826773,0.8957230737336386,-0.29819536070052555,-0.5550527201275894,0.22081767786382983,0.07009073461853846,0.26569173066051477,True,0.22520297444065907,True,False,2.0,False,0,3
2022-12-16,376.335003,-0.00045973330261062724,0.21920461693957918,0.30456090721115014,0.18866794568267647,0.2832565357775135,0.17475287295995592,12,-0.03053667125690271,0.8638573076414602,0.8955109200477595,-0.3292797026937096,0.1682125692697368,0.19945495430683852,0.0662540394764361,0.26578141898048635,True,0.22526730888034313,True,False,2.0,False,0,4
2022-12-19,378.42817244,0.0055465737449354405,0.2141079434932102,0.29504101830470464,0.1863837144437246,0.27158653967111296,0.10463137941243103,12,-0.0277242290494856,0.9870191458814364,0.7999593013116918,-0.5569038273910141,-0.20279727898478359,0.18890735671523284,0.06578593318644692,0.2658249053133594,True,0.22533164332002717,True,False,1.0,True,1,0
2022-12-20,380.04682032,0.004268170612690526,0.2051503166153912,0.29357306106975484,0.17881480520674567,0.2638096540446359,0.07072749234046156,12,-0.02633551140864554,1.0267397552428144,0.769117316039993,-0.6210716462213973,-0.428922581132131,0.1838075714777149,0.06522887289843864,0.2657032708030128,True,0.22535545665879864,True,False,1.0,True,1,1
2022-12-21,381.01903631,0.0025548814478245727,0.201745878161866,0.29354371588958983,0.17726711698891207,0.25746283861537,0.057858927535884355,12,-0.024478761172953944,1.0961653670636753,0.7379593254653279,-0.6829408645791519,-0.61008142665479,0.18187189617655797,0.06448326697953885,0.2656940682740871,True,0.22537926999757013,True,False,1.0,True,1,2
2022-12-22,375.81703928,-0.013746910643520101,0.20752758051903566,0.2914231394488665,0.17927359866618645,0.2521895380760301,0.060019267904639274,12,-0.02825398185284922,0.8844854846892797,0.381071546692696,-1.4884667327252583,-0.7608364399815108,0.1821968521881564,0.06308894552921203,0.2657527205653906,True,0.22541384866714864,True,False,1.0,True,0,3
2022-12-23,380.96099569,0.013594569065854508,0.21277027661052472,0.290653784335092,0.18670192441930214,0.25489271997195045,0.05066829850090805,12,-0.026068352191222582,0.9716388755006884,0.5060800822034065,-1.1511134174815583,-0.6680374578488287,0.18079028970107636,0.06406449661308489,0.26579236721857935,True,0.22544842733672713,True,False,1.0,True,1,4
2022-12-27,384.17443501,0.008399710913296983,0.21426244807215783,0.2911361807564911,0.18106358088946434,0.25656326844995764,0.04162065212934897,12,-0.03319886718269349,0.6165951232245002,0.5281375395470808,-1.0751805641679724,-0.6088338383927021,0.17942935272939478,0.07517381998375197,0.2627605632581308,True,0.22555004839723403,True,False,0.0,True,1,1
2022-12-28,384.46243814,0.0007493867482514916,0.2129253326578085,0.2911382710996949,0.18196587746380827,0.25349027667587776,0.04006312311806087,12,-0.03095945519400023,0.73378823985669,0.5180994172337415,-1.0797723044975642,-0.6966420619479539,0.1791950709362213,0.07494019098955111,0.26275489894194887,True,0.22565166945774093,True,False,0.0,True,1,2
2022-12-29,382.51936997,-0.005066801601811978,0.19161893369030303,0.2874972748363897,0.17212292825539285,0.2484866257932551,0.04900595141875288,12,-0.019496005434910174,1.2831841823799426,0.5356706308513317,-1.0117555857122678,-0.8442948780532415,0.18054024128948243,0.07569116133505917,0.2635572508574725,True,0.22565352406631284,True,False,0.0,True,0,3
2022-12-30,381.17586893,-0.003518425564375192,0.17660031381654023,0.28750806181620314,0.16219079015551444,0.24557605599014237,0.06700705404806119,12,-0.014409523661025797,1.4975666204024818,0.423374548341462,-1.237696569515282,-0.9166425331102929,0.18324794725998428,0.07611603102401326,0.263982512785512,True,0.22565537867488472,True,False,0.0,True,1,4
